/*
SQLyog Ultimate v13.1.1 (64 bit)
MySQL - 10.4.13-MariaDB : Database - kartu
*********************************************************************
*/

/*!40101 SET NAMES utf8 */;

/*!40101 SET SQL_MODE=''*/;

/*!40014 SET @OLD_UNIQUE_CHECKS=@@UNIQUE_CHECKS, UNIQUE_CHECKS=0 */;
/*!40101 SET @OLD_SQL_MODE=@@SQL_MODE, SQL_MODE='NO_AUTO_VALUE_ON_ZERO' */;
/*!40111 SET @OLD_SQL_NOTES=@@SQL_NOTES, SQL_NOTES=0 */;
CREATE DATABASE /*!32312 IF NOT EXISTS*/`kartu` /*!40100 DEFAULT CHARACTER SET utf8mb4 */;

USE `kartu`;

/*Table structure for table `akun` */

DROP TABLE IF EXISTS `akun`;

CREATE TABLE `akun` (
  `akun_id` int(11) NOT NULL AUTO_INCREMENT,
  `id_daftar` bigint(16) DEFAULT NULL,
  `id_user` int(11) DEFAULT NULL,
  `akun_pass` varchar(16) DEFAULT NULL,
  `akun_kode` varchar(16) DEFAULT NULL,
  `akun_status` int(2) DEFAULT NULL,
  PRIMARY KEY (`akun_id`)
) ENGINE=InnoDB AUTO_INCREMENT=18 DEFAULT CHARSET=utf8mb4;

/*Data for the table `akun` */

insert  into `akun`(`akun_id`,`id_daftar`,`id_user`,`akun_pass`,`akun_kode`,`akun_status`) values 
(8,1377011903920002,55,'12345665432','12345665432',1),
(12,1377014209910001,59,'1599140380','1599140380',1),
(14,1377011608900001,61,'1599193655','1599193655',1),
(15,1377012911010001,62,'1599208046','1599208046',1),
(16,1377026901970001,63,'1599234823','1599234823',1),
(17,1377015809960003,64,'1599291450','1599291450',1);

/*Table structure for table `auth_assignment` */

DROP TABLE IF EXISTS `auth_assignment`;

CREATE TABLE `auth_assignment` (
  `item_name` varchar(64) COLLATE utf8_unicode_ci NOT NULL,
  `user_id` varchar(64) COLLATE utf8_unicode_ci NOT NULL,
  `created_at` int(11) DEFAULT NULL,
  PRIMARY KEY (`item_name`,`user_id`),
  KEY `idx-auth_assignment-user_id` (`user_id`),
  CONSTRAINT `auth_assignment_ibfk_1` FOREIGN KEY (`item_name`) REFERENCES `auth_item` (`name`) ON DELETE CASCADE ON UPDATE CASCADE
) ENGINE=InnoDB DEFAULT CHARSET=utf8 COLLATE=utf8_unicode_ci;

/*Data for the table `auth_assignment` */

/*Table structure for table `auth_item` */

DROP TABLE IF EXISTS `auth_item`;

CREATE TABLE `auth_item` (
  `name` varchar(64) COLLATE utf8_unicode_ci NOT NULL,
  `type` smallint(6) NOT NULL,
  `description` text COLLATE utf8_unicode_ci DEFAULT NULL,
  `rule_name` varchar(64) COLLATE utf8_unicode_ci DEFAULT NULL,
  `data` blob DEFAULT NULL,
  `created_at` int(11) DEFAULT NULL,
  `updated_at` int(11) DEFAULT NULL,
  PRIMARY KEY (`name`),
  KEY `rule_name` (`rule_name`),
  KEY `idx-auth_item-type` (`type`),
  CONSTRAINT `auth_item_ibfk_1` FOREIGN KEY (`rule_name`) REFERENCES `auth_rule` (`name`) ON DELETE SET NULL ON UPDATE CASCADE
) ENGINE=InnoDB DEFAULT CHARSET=utf8 COLLATE=utf8_unicode_ci;

/*Data for the table `auth_item` */

insert  into `auth_item`(`name`,`type`,`description`,`rule_name`,`data`,`created_at`,`updated_at`) values 
('/*',2,NULL,NULL,NULL,1592797063,1592797063),
('/daftar/*',2,NULL,NULL,NULL,1592797064,1592797064),
('/daftar/create',2,NULL,NULL,NULL,1592797402,1592797402),
('/daftar/delete',2,NULL,NULL,NULL,1592797403,1592797403),
('/daftar/index',2,NULL,NULL,NULL,1592797404,1592797404),
('/daftar/update',2,NULL,NULL,NULL,1592797405,1592797405),
('/daftar/view',2,NULL,NULL,NULL,1592797405,1592797405),
('/debug/*',2,NULL,NULL,NULL,1592797065,1592797065),
('/debug/default/*',2,NULL,NULL,NULL,1592797066,1592797066),
('/debug/user/*',2,NULL,NULL,NULL,1592797067,1592797067),
('/gii/*',2,NULL,NULL,NULL,1592797067,1592797067),
('/gii/default/*',2,NULL,NULL,NULL,1592797068,1592797068),
('/mimin/*',2,NULL,NULL,NULL,1592797068,1592797068),
('/mimin/role/*',2,NULL,NULL,NULL,1592797069,1592797069),
('/mimin/route/*',2,NULL,NULL,NULL,1592797069,1592797069),
('/mimin/user/*',2,NULL,NULL,NULL,1592797061,1592797061),
('/site/*',2,NULL,NULL,NULL,1592797061,1592797061),
('/user/*',2,NULL,NULL,NULL,1592797051,1592797051),
('inisaja',1,NULL,NULL,NULL,1592797043,1592797411);

/*Table structure for table `auth_item_child` */

DROP TABLE IF EXISTS `auth_item_child`;

CREATE TABLE `auth_item_child` (
  `parent` varchar(64) COLLATE utf8_unicode_ci NOT NULL,
  `child` varchar(64) COLLATE utf8_unicode_ci NOT NULL,
  PRIMARY KEY (`parent`,`child`),
  KEY `child` (`child`),
  CONSTRAINT `auth_item_child_ibfk_1` FOREIGN KEY (`parent`) REFERENCES `auth_item` (`name`) ON DELETE CASCADE ON UPDATE CASCADE,
  CONSTRAINT `auth_item_child_ibfk_2` FOREIGN KEY (`child`) REFERENCES `auth_item` (`name`) ON DELETE CASCADE ON UPDATE CASCADE
) ENGINE=InnoDB DEFAULT CHARSET=utf8 COLLATE=utf8_unicode_ci;

/*Data for the table `auth_item_child` */

insert  into `auth_item_child`(`parent`,`child`) values 
('inisaja','/*'),
('inisaja','/daftar/*'),
('inisaja','/daftar/create'),
('inisaja','/daftar/delete'),
('inisaja','/daftar/index'),
('inisaja','/daftar/update'),
('inisaja','/daftar/view'),
('inisaja','/debug/*'),
('inisaja','/debug/default/*'),
('inisaja','/debug/user/*'),
('inisaja','/gii/*'),
('inisaja','/gii/default/*'),
('inisaja','/mimin/*'),
('inisaja','/mimin/role/*'),
('inisaja','/mimin/route/*'),
('inisaja','/mimin/user/*'),
('inisaja','/site/*'),
('inisaja','/user/*');

/*Table structure for table `auth_rule` */

DROP TABLE IF EXISTS `auth_rule`;

CREATE TABLE `auth_rule` (
  `name` varchar(64) COLLATE utf8_unicode_ci NOT NULL,
  `data` blob DEFAULT NULL,
  `created_at` int(11) DEFAULT NULL,
  `updated_at` int(11) DEFAULT NULL,
  PRIMARY KEY (`name`)
) ENGINE=InnoDB DEFAULT CHARSET=utf8 COLLATE=utf8_unicode_ci;

/*Data for the table `auth_rule` */

/*Table structure for table `bahasa` */

DROP TABLE IF EXISTS `bahasa`;

CREATE TABLE `bahasa` (
  `bahasa_id` int(11) NOT NULL AUTO_INCREMENT,
  `bahasa_nama` varchar(55) DEFAULT NULL,
  PRIMARY KEY (`bahasa_id`)
) ENGINE=InnoDB AUTO_INCREMENT=15 DEFAULT CHARSET=utf8mb4;

/*Data for the table `bahasa` */

insert  into `bahasa`(`bahasa_id`,`bahasa_nama`) values 
(1,'Inggris'),
(2,'Jerman'),
(3,'Jepang'),
(4,'Mandarin'),
(5,'Belanda'),
(6,'Perancis'),
(7,'Arab'),
(8,'Portugis'),
(9,'Korea'),
(10,'Urdu'),
(11,'Hindi'),
(12,'Spanyol'),
(13,'Bengali'),
(14,'Rusia');

/*Table structure for table `bahasaasing` */

DROP TABLE IF EXISTS `bahasaasing`;

CREATE TABLE `bahasaasing` (
  `bahasaasing_id` int(11) NOT NULL AUTO_INCREMENT,
  `bahasaasing_nama` int(11) DEFAULT NULL,
  `id_daftar` bigint(16) DEFAULT NULL,
  PRIMARY KEY (`bahasaasing_id`)
) ENGINE=InnoDB DEFAULT CHARSET=utf8mb4;

/*Data for the table `bahasaasing` */

/*Table structure for table `capil` */

DROP TABLE IF EXISTS `capil`;

CREATE TABLE `capil` (
  `capil_id` bigint(10) NOT NULL AUTO_INCREMENT,
  `capil_dusun` varchar(50) DEFAULT NULL,
  `capil_nama_lgkp` varchar(50) DEFAULT NULL,
  `capil_stat_hbkel` varchar(50) DEFAULT NULL,
  `capil_agama` varchar(20) DEFAULT NULL,
  `capil_jenis_pkrjn` varchar(50) DEFAULT NULL,
  `capil_pddk_akh` varchar(80) DEFAULT NULL,
  `capil_tmpt_lhr` varchar(50) DEFAULT NULL,
  `capil_status_kawin` varchar(15) DEFAULT NULL,
  `capil_gol_darah` varchar(12) DEFAULT NULL,
  `capil_nik_ibu` varchar(16) DEFAULT NULL,
  `capil_tgl_kwn` date DEFAULT NULL,
  `capil_no_akta_kwn` varchar(90) DEFAULT NULL,
  `capil_jenis_klmin` varchar(20) DEFAULT NULL,
  `capil_tgl_crai` date DEFAULT NULL,
  `capil_no_kk` varchar(16) DEFAULT NULL,
  `capil_nik` varchar(16) DEFAULT NULL,
  `capil_kab_name` varchar(20) DEFAULT NULL,
  `capil_nama_lgkp_ayah` varchar(50) DEFAULT NULL,
  `capil_no_rw` varchar(10) DEFAULT NULL,
  `capil_kec_name` varchar(50) DEFAULT NULL,
  `capil_no_akta_lhr` varchar(50) DEFAULT NULL,
  `capil_no_rt` varchar(10) DEFAULT NULL,
  `capil_no_kel` varchar(20) DEFAULT NULL,
  `capil_alamat` varchar(60) DEFAULT NULL,
  `capil_no_kec` varchar(5) DEFAULT NULL,
  `capil_nik_ayah` varchar(16) DEFAULT NULL,
  `capil_no_prop` varchar(20) DEFAULT NULL,
  `capil_nama_lgkp_ibu` varchar(50) DEFAULT NULL,
  `capil_no_akta_crai` varchar(20) DEFAULT NULL,
  `capil_prop_name` varchar(20) DEFAULT NULL,
  `capil_no_kab` varchar(5) DEFAULT NULL,
  `capil_tgl_lhr` date DEFAULT NULL,
  `capil_kel_name` varchar(50) DEFAULT NULL,
  `capil_dateinput` datetime DEFAULT NULL,
  `capil_ip` varchar(20) DEFAULT NULL,
  PRIMARY KEY (`capil_id`),
  UNIQUE KEY `capil_nik` (`capil_nik`)
) ENGINE=InnoDB AUTO_INCREMENT=58 DEFAULT CHARSET=utf8mb4;

/*Data for the table `capil` */

insert  into `capil`(`capil_id`,`capil_dusun`,`capil_nama_lgkp`,`capil_stat_hbkel`,`capil_agama`,`capil_jenis_pkrjn`,`capil_pddk_akh`,`capil_tmpt_lhr`,`capil_status_kawin`,`capil_gol_darah`,`capil_nik_ibu`,`capil_tgl_kwn`,`capil_no_akta_kwn`,`capil_jenis_klmin`,`capil_tgl_crai`,`capil_no_kk`,`capil_nik`,`capil_kab_name`,`capil_nama_lgkp_ayah`,`capil_no_rw`,`capil_kec_name`,`capil_no_akta_lhr`,`capil_no_rt`,`capil_no_kel`,`capil_alamat`,`capil_no_kec`,`capil_nik_ayah`,`capil_no_prop`,`capil_nama_lgkp_ibu`,`capil_no_akta_crai`,`capil_prop_name`,`capil_no_kab`,`capil_tgl_lhr`,`capil_kel_name`,`capil_dateinput`,`capil_ip`) values 
(22,NULL,'JUFRIATI','ISTRI','ISLAM','BIDAN','AKADEMI/DIPLOMA III/SARJANA MUDA','JAKARTA','KAWIN','TIDAK TAHU',NULL,NULL,NULL,'Perempuan',NULL,'1377011105150004','1377014409880004','KOTA PARIAMAN','DILUSMAN','0','PARIAMAN TENGAH',NULL,'0','1001','KARAN AUR','1',NULL,'13','ASMANIAR',NULL,'SUMATERA BARAT','77','1987-09-04','KARAN AUR','2020-08-04 06:49:22','::1'),
(48,'RAWANG','RAHMAT PUTRA','ANAK','ISLAM','PELAJAR/MAHASISWA','SLTA/SEDERAJAT','PARIAMAN','BELUM KAWIN','TIDAK TAHU',NULL,NULL,NULL,'Laki-Laki',NULL,'1377012501190005','1377011903920002','KOTA PARIAMAN','MONFIRMAN',NULL,'PARIAMAN TENGAH',NULL,'0','2019','JL. RA. KARTINI 47 C','1',NULL,'13','YULIMARNI',NULL,'SUMATERA BARAT','77','1992-03-19','RAWANG','2020-09-03 11:19:14','::1'),
(52,NULL,'SELFIRA HINDRIYANI','ISTRI','ISLAM','MENGURUS RUMAH TANGGA','DIPLOMA IV/STRATA I','PARIAMAN','KAWIN','TIDAK TAHU','1377015405660002','2017-08-20','0214/31/VIII/2017','Perempuan',NULL,'1377010904180001','1377014209910001','KOTA PARIAMAN','AGUSTIAN',NULL,'PARIAMAN TENGAH',NULL,'0','1011','JL SUDIRMAN NO 120 B','1','1377011108650001','13','ARMIZUNIDAR',NULL,'SUMATERA BARAT','77','1991-09-02','JAWI JAWI II','2020-09-03 20:39:40','::1'),
(54,NULL,'GILANG RIZANA PRATAMA','KEPALA KELUARGA','ISLAM','KARYAWAN SWASTA','DIPLOMA IV/STRATA I','BUKIT TINGGI','KAWIN','TIDAK TAHU',NULL,'2017-07-05','0101/021/VII/2017','Laki-Laki',NULL,'1377020803190004','1377011608900001','KOTA PARIAMAN','SYAMSURIJAL',NULL,'PARIAMAN UTARA',NULL,'0','2014','JL. SITI MANGGOPOH','2',NULL,'13','ZAINATUL HUSNA',NULL,'SUMATERA BARAT','77','1990-08-16','NARAS HILIR','2020-09-04 11:27:35','::1'),
(55,NULL,'M. ICKSAN','ANAK','ISLAM','PELAJAR/MAHASISWA','BELUM TAMAT SD/SEDERAJAT','PARIAMAN','BELUM KAWIN','TIDAK TAHU','1377014707750001',NULL,NULL,'Laki-Laki',NULL,'1377011411070367','1377012911010001','KOTA PARIAMAN','SYAFINAL','0','PARIAMAN TENGAH','756/T/DKC-2011','0','1001','JL. SYEKH BURHANUDDIN','1','1377013005680001','13','ZULHEMA',NULL,'SUMATERA BARAT','77','2001-11-29','KARAN AUR','2020-09-04 15:27:26','::1'),
(56,NULL,'RIRIN PUTRI ANEDYA','ANAK','ISLAM','PELAJAR/MAHASISWA','TAMAT SD/SEDERAJAT','JAKARTA','BELUM KAWIN','TIDAK TAHU',NULL,NULL,NULL,'Perempuan',NULL,'1377022101084458','1377026901970001','KOTA PARIAMAN','YACIN',NULL,'PARIAMAN UTARA','2045/T/KPC/2005','0','2010','SIKAPAK TIMUR','2',NULL,'13','NELHAYATI',NULL,'SUMATERA BARAT','77','1997-01-29','SIKAPAK TIMUR','2020-09-04 22:53:43','::1'),
(57,'RAWANG','DEWI MAYANG SARI','ANAK','ISLAM','PELAJAR/MAHASISWA','SLTP/SEDERAJAT','PARIAMAN','BELUM KAWIN','TIDAK TAHU','1377014507640002',NULL,NULL,'Perempuan',NULL,'1377012501190005','1377015809960003','KOTA PARIAMAN','MONFIRMAN',NULL,'PARIAMAN TENGAH','441/96/2000','0','2019','JL. RA. KARTINI 47 C','1','1377010103590001','13','YULIMARNI',NULL,'SUMATERA BARAT','77','1996-09-18','RAWANG','2020-09-05 14:37:30','::1');

/*Table structure for table `daftar` */

DROP TABLE IF EXISTS `daftar`;

CREATE TABLE `daftar` (
  `daftar_id` bigint(16) NOT NULL AUTO_INCREMENT,
  `daftar_nik` bigint(16) DEFAULT NULL,
  `daftar_no` int(4) DEFAULT NULL,
  `daftar_tgl` datetime DEFAULT NULL,
  PRIMARY KEY (`daftar_id`)
) ENGINE=InnoDB AUTO_INCREMENT=1377026901970002 DEFAULT CHARSET=utf8mb4;

/*Data for the table `daftar` */

insert  into `daftar`(`daftar_id`,`daftar_nik`,`daftar_no`,`daftar_tgl`) values 
(1377011608900001,1377011608900001,2147483647,'2020-09-04 11:27:35'),
(1377011903920002,1377011903920002,2147483647,'2020-09-03 16:19:30'),
(1377012911010001,1377012911010001,2147483647,'2020-09-04 15:27:25'),
(1377014209910001,1377014209910001,2147483647,'2020-09-03 20:39:40'),
(1377015809960003,1377015809960003,2147483647,'2020-07-06 14:37:30'),
(1377026901970001,1377026901970001,2147483647,'2020-09-04 22:53:43');

/*Table structure for table `desa` */

DROP TABLE IF EXISTS `desa`;

CREATE TABLE `desa` (
  `desa_id` int(11) NOT NULL AUTO_INCREMENT,
  `nama_desa` varchar(255) COLLATE utf8_unicode_ci DEFAULT NULL,
  `kd_desa` int(4) DEFAULT NULL,
  `id_kecamatan` int(11) DEFAULT NULL,
  PRIMARY KEY (`desa_id`),
  KEY `fk_desa_kecamatan` (`id_kecamatan`),
  CONSTRAINT `desa_ibfk_1` FOREIGN KEY (`id_kecamatan`) REFERENCES `kecamatan` (`kecamatan_id`) ON DELETE CASCADE ON UPDATE CASCADE
) ENGINE=InnoDB AUTO_INCREMENT=72 DEFAULT CHARSET=utf8 COLLATE=utf8_unicode_ci;

/*Data for the table `desa` */

insert  into `desa`(`desa_id`,`nama_desa`,`kd_desa`,`id_kecamatan`) values 
(1,'KARAN AUR',1001,1),
(2,'KAMPUNG PERAK',1002,1),
(3,'LOHONG',1003,1),
(4,'PASIR',1004,1),
(5,'KAMPUNG PONDOK',1005,1),
(6,'PONDOK II',1006,1),
(7,'KAMPUNG JAWA I',1007,1),
(8,'KAMPUNG JAWA II',1008,1),
(9,'ALAI GELOMBANG',1009,1),
(10,'JAWI-JAWI I',1010,1),
(11,'JAWI-JAWI II',1011,1),
(12,'JALAN BARU',1012,1),
(13,'TARATAK',1013,1),
(14,'JALAN KERETA API',1014,1),
(15,'UJUNG BATUNG',1015,1),
(16,'JATI HILIR',1016,1),
(17,'PAUH BARAT',2017,1),
(18,'PAUH TIMUR',2018,1),
(19,'RAWANG',2019,1),
(20,'KAMPUNG BARU',2020,1),
(21,'CIMPARUH',2021,1),
(22,'JATI MUDIK',2025,1),
(23,'AMPALU',2005,2),
(24,'APAR',2006,2),
(25,'TANJUNG SABAR',2007,2),
(26,'CUBADAK AIR SELATAN',2008,2),
(27,'SIKAPAK BARAT',2009,2),
(28,'SIKAPAK TIMUR',2010,2),
(29,'MANGGUNG',2011,2),
(30,'CUBADAK AIR UTARA',2012,2),
(31,'TUNGKAL SELATAN',2013,2),
(32,'NARAS HILIR',2014,2),
(33,'NARAS I',2015,2),
(34,'BALAI NARAS',2016,2),
(35,'PADANG BIRIK-BIRIK',2017,2),
(36,'SINTUK',2018,2),
(37,'SUNGAI RAMBAI',2019,2),
(38,'TUNGKAL UTARA',2020,2),
(39,'CUBADAK AIR',2021,2),
(40,'PASIR SUNUR',2006,3),
(41,'BALAI KURAI TAJI',2007,3),
(42,'PAUH KURAI TAJI',2008,3),
(43,'SIMPANG',2009,3),
(44,'TOBOH PALABAH',2010,3),
(45,'MARABAU',2011,3),
(46,'BATANG TAJONGKEK',2012,3),
(47,'SIKABU',2013,3),
(48,'SUNGAI KASAI',2014,3),
(49,'PALAK ANEH',2015,3),
(50,'KAMPUNG APAR',2016,3),
(51,'MARUNGGI',2017,3),
(52,'TALUK',2018,3),
(53,'PADANG CAKUR',2019,3),
(54,'PUNGGUNG LADING',2020,3),
(55,'RAMBAI',2021,3),
(56,'TALAGO SARIK',2001,4),
(57,'PAKASAI',2002,4),
(58,'KAMPUNG BARU PADUSUNAN',2003,4),
(59,'KAMPUNG GADANG',2004,4),
(60,'KOTO MARAPAK',2005,4),
(61,'BATANG KABUNG',2006,4),
(62,'BATO',2007,4),
(63,'AIR SANTOK',2008,4),
(64,'CUBADAK MENTAWAI',2009,4),
(65,'SUNGAI SIRAH',2010,4),
(66,'SUNGAI PASAK',2011,4),
(67,'BUNGO TANJUNG',2012,4),
(68,'KAMPUNG TANGAH',2013,4),
(69,'KAMPUNG KANDANG',2014,4),
(70,'KALUAT',2015,4),
(71,'KAJAI',2016,4);

/*Table structure for table `golongan` */

DROP TABLE IF EXISTS `golongan`;

CREATE TABLE `golongan` (
  `golongan_id` int(4) NOT NULL,
  `golongan_nama` varchar(75) DEFAULT NULL,
  `golongan_jenis` varchar(1) DEFAULT NULL,
  PRIMARY KEY (`golongan_id`)
) ENGINE=InnoDB DEFAULT CHARSET=utf8;

/*Data for the table `golongan` */

insert  into `golongan`(`golongan_id`,`golongan_nama`,`golongan_jenis`) values 
(0,'ANGGOTA ANGKATAN BERSENJATA (KECUALI',''),
(1,'ANGGOTA BADAN LEGISLATIF, PEJABAT TINGGI',''),
(2,'TENAGA PROFESIONAL',''),
(3,'TEKNISI DAN KELOMPOK JABATAN ',''),
(4,'PENATA USAHA',''),
(5,'TENAGA USAHA JASA DAN PENJUAL DAGANGAN',''),
(6,'PEKERJA-PEKERJA KETERAMPILAN BIDANG',''),
(7,'PEKERJA KASAR TERAMPIL DAN SEJENISNYA',''),
(8,'OPERATOR DAN PERAKIT MESIN DAN MESIN',''),
(9,'PEKERJA KASAR',''),
(110,'ANGGOTA ANGKATAN BERSENJATA','0'),
(1110,'ANGGOTA BADAN LEGISLATIF','1'),
(1120,'PEJABAT TINGGI PEMERINTAH','1'),
(1130,'KEPALA DESA DAN LURAH','1'),
(1141,'PEMIMPIN ORGANISASI PARTAI POLITIK','1'),
(1142,'PIMPINAN ORGANISASI PENGUSAHA, PEKERJA DAN ORGANISASI YANG BERKAITAN DENGAN','1'),
(1143,'PIMPINAN ORGANISASI KEMANUSIAAN DAN ORGANISASI KHUSUS','1'),
(1210,'DIREKTUR DAN KEPALA EKSEKUTIF','1'),
(1221,'MANAJER PRODUKSI DAN OPERASI DALAM BIDANG PERTANIAN PERBURUAN DAN PERIKANAN','1'),
(1223,'MANAJER PRODUKSI DAN OPERASI DALAM BIDANG KONSTRUKSI','1'),
(1224,'MANAJER PRODUKSI DAN OPERASI DOKUMEN DALAM BIDANG PERDAGANGA BESAR DAN ECER','1'),
(1225,'MANAJER PRODUKSI DAN OPERASI DALAM BIDANG HOTEL DAN RESTORAN','1'),
(1226,'MANEJER PRODUKSI DAN OPERASI DALAM BIDANG','1'),
(1227,'MANAJER PRODUKSI DAN OPERASI DALAM BIDANG PERUSAHAAN JASA','1'),
(1228,'MANAJER PRODUKSI DAN OPERASI DALAM BIDANG KESEJAHTERAAN DAN KEBERSIHAN','1'),
(1229,'MANEJER PRODUKSI DAN OPERASI TIDAK DAPAT','1'),
(1231,'MANAGER KEUANGAN DAN ADMINISTRASI','1'),
(1232,'MANAJER PEMASARAN DAN HUBUNGAN INDUSTRI','1'),
(1233,'MANAJER PENJUALAN DAN PEMASARAN','1'),
(1234,'MANAJER HUBUNGAN MASYARAKAT DAN PERIKLANAN','1'),
(1235,'MANEJER PENYEDIAAN DAN DISRIBUSI','1'),
(1236,'MANAJER JASA PERHITUNGAN','1'),
(1237,'MANAJER PENELITIAN DAN PEMASARAN','1'),
(1311,'MANAJER UMUM PERTANIAN, PERBURUAN KEHUTANAN DAN PERIKANAN','1'),
(1314,'MANAJER UMUM PERDAGANGAN BESAR DAN ECERAN','1'),
(1315,'MANAJER UMUM HOTEL DAN RESTORAN','1'),
(1316,'MANAJER UMUM ANGKUTAN, PERGUDANGAN DAN','1'),
(1317,'MANAJER UMUM PERUSAHAAN JASA','1'),
(1318,'MANAJER UMUM PERAWATAN PRIBADI KEBERSIHAN DAN JASA YANG SEJENIS','1'),
(1319,'MANAJER UMUM YANG TIDAK DAPAT DIKLASIFIKASIKAN PADA SUB GOL 1311 SAMPAI DEN','1'),
(2111,'PAKAR FISIKA DAN ASTRONOMI','2'),
(2112,'PAKAR METEOROLOGI','2'),
(2113,'PAKAR KIMIA','2'),
(2114,'PAKAR GEOLOGI DAN GEOFISIKA','2'),
(2121,'PAKAR MATEMATIKA DAN PROFESI YANG SEJENIS','2'),
(2122,'PAKAR STATISTIK','2'),
(2131,'PERANCANG DAN ANALIS SISTEM KOMPUTER','2'),
(2132,'PROGRAMER KOMPUTER','2'),
(2139,'PAKAR KOMPUTER YTDL','2'),
(2141,'ARSITEK PERENCANA TATA KOTA & LALU LINTAS','2'),
(2142,'PEREKAYASA SIPIL','2'),
(2143,'PEREKAYASA ELEKTRO','2'),
(2144,'PERAKAYASA ELEKTRONIKA & TELEKOMUNIKASI','2'),
(2145,'PEREKAYASA MESIN','2'),
(2146,'PEREKAYASA KIMIA','2'),
(2147,'PEREKAYASA PERTAMBANGAN METALURGI DAN PROFESI SEJENIS','2'),
(2148,'KARTOGRAFER DAN SURVEYOR','2'),
(2149,'ARSITEK PEREKAYASA DAN PROFESI SEJENIS YANG TIDAK DIKLASIFIKASIKAN PADA 214','2'),
(2211,'BIOLOGI BOTANI, ZOOLOGI DAN PROFESI SEJENIS','2'),
(2212,'PARMAKOLOG, PHATOLOG DAN PROFESI YANG SEJENIS','2'),
(2213,'ARGONOMI DAN PROFESI SEJENIS','2'),
(2221,'DOKTER UMUM','2'),
(2222,'DOKTER GIGI','2'),
(2230,'PERAWAT DAN BIDAN','2'),
(2310,'PENGAJAR PROFESIONAL AKADEMI, UNIVERSITAS DAN PENDIDIKAN TINGGI LAINNYA','2'),
(2320,'PENGAJAR PROFESIONAL PENDIDIKAN MENENGAH ATAS','2'),
(2330,'UNIVERSITAS DAN PENDIDIKAN TINGGI LAINNYA','2'),
(2331,'PENGAJAR SEKOLAH DASAR','2'),
(2332,'PROFESIONALIS GURU PENDIDIKAN PRA SEKOLAH DASAR','2'),
(2340,'GURU SEKOLAH LUAR BIASA','2'),
(2351,'SPESIALIS METODA PENDIDIKAN','2'),
(2352,'PENILIK SEKOLAH','2'),
(2411,'AKUNTAN','2'),
(2412,'TENAGA PROFESIONAL TENAGA KEPEGAWAIAN','2'),
(2419,'TENAGA PROFESIONAL BIDANG BISNIS YANG TIDAK DAPATDIKLASIFIKASIKAN PADA SUB','2'),
(2421,'PENGACARA','2'),
(2422,'HAKIM','2'),
(2429,'PAKAR HUKUM YTD PADA SUB GOL 2421 & 2422','2'),
(2431,'ARSIPARIS DAN KURATOR','2'),
(2432,'PUSTAKAWAN DAN PEMBERI INFORMASI YANG SEJENIS','2'),
(2441,'PAKAR EKONOMI','2'),
(2442,'PAKAR SOSIOLOGI, ANTROPOLOGI DAN YANG SEJENIS','2'),
(2443,'PAKAR FILSAFAT, SEJARAH DAN ILMU POLITIK','2'),
(2444,'PAKAR BAHASA, PENTERJEMAH DAN JURU BAHASA','2'),
(2445,'PSIKOLOG','2'),
(2446,'PEKERJA SOSIAL PROFESIONAL','2'),
(2451,'PENGARANG, WARTAWAN DAN PENULIS LAINNYA','2'),
(2452,'PEMAHAT, PELUKIS DAN SENIMAN YANG SEJENIS','2'),
(2453,'PENGUBAH LAGU, PEMUSIK DAN PENYANYI','2'),
(2454,'PENCIPTA TARI DAN PENARI','2'),
(2455,'PEMAIN FILM, SUTRADARA FILM, DIREKTUR PANGGUNG DAN YANG SEJENIS','2'),
(2460,'PAKAR KEAGAMAAN','2'),
(3111,'TEKNISI ILMU KIMIA DAN FISIKA','3'),
(3112,'TEKNISI PEREKAYASAAN SIPIL','3'),
(3113,'TEKNISI PEREKAYASAAN LISTRIK','3'),
(3114,'TEKNISI PEREKAYASAAN ELEKTRONIKA & TELEKOMUNIKASI','3'),
(3115,'TEKNISI PEREKAYASAAN MEKANIK','3'),
(3116,'TEKNISI PEREKAYASAAN KIMIA','3'),
(3117,'TEKNISI PERTAMBANGAN DAN METALURGI','3'),
(3118,'PERANCANG GAMBAR','3'),
(3119,'TEKNISI ILMU FISIKA DAN PEREKAYASAAN YANG TIDAK DAPAT DIKLASIFKASIKAN DI 31','3'),
(3121,'ASISTEN KOMPUTER','3'),
(3122,'OPERATOR PERLENGKAPAN KOMPUTER','3'),
(3123,'PENGONTROL ROBOT INDUSTRI','3'),
(3131,'PHOTOGRAFER OPERATOR PERALATAN REKAMAN GAMBAR DAN SUARA','3'),
(3132,'OPERATOR PERLENGKAPAN RADIO DAN TELEKOMUNIKASI','3'),
(3133,'OPERATOR PERALATAN MEDIK','3'),
(3141,'PEREKAYASA KAPAL LAUT','3'),
(3142,'PERWIRA DEK KAPAL LAUT DAN PILOT','3'),
(3145,'PENGONTROL LALULINTAS UDARA','3'),
(3151,'PENGAWAS BANGUNAN DAN KEBAKARAN','3'),
(3152,'PENGAWAS KESELAMATAN KESEHATAN DAN KUALITAS','3'),
(3211,'TEKNISI ILMU HAYAT','3'),
(3212,'TEKNISI AGRONOMI DAN KEHUTANAN','3'),
(3213,'PENASEHAT PERTANIAN DAN KEHUTANAN','3'),
(3221,'ASISTEN MEDIKAL','3'),
(3222,'SANITARIAN','3'),
(3223,'NUTRISIS DAN DIESTRISIAN','3'),
(3224,'OPTOMETRIS DAN OPTOSIAN','3'),
(3225,'ASISTEN DOKTER GIGI','3'),
(3226,'PHISIOTERAPIS DAN PROFESIONALIS SEJENIS','3'),
(3227,'ASISTEN DOKTER HEWAN','3'),
(3228,'ASISTEN PHARMASI','3'),
(3229,'PROFESIONALIS KESEHATAN MODERN (KECUALI PERAWAT)YTDL','3'),
(3231,'PROFESIONALIS PERAWAT','3'),
(3232,'BIDAN PROFESIONALIS','3'),
(3310,'PROFESIONALIS GURU PENDIDIKAN DASAR','3'),
(3320,'ASOSIASI PROFESI GURU PENDIDIKAN PRA SEKOLAH DASAR','3'),
(3330,'ASOSIASI PROFESI GURU PENDIDIKAN KHUSUS','3'),
(3340,'PROFESIONALIS KELOMPOK GURU LAINNYA','3'),
(3411,'PEDAGANG DAN MAKELAR SURAT BERHARGA DAN KEUANGAN','3'),
(3412,'PENCARI PELANGGAN ASURANSI','3'),
(3413,'AGEN PROPERTI','3'),
(3414,'KONSULTAN DAN PENYUSUN PERJALANAN','3'),
(3415,'WAKIL PENJUAL TEKNIS DAN KOMERSIAL','3'),
(3417,'PENAKSIR, PENILAI DAN PELELANG','3'),
(3421,'MAKELAR PERDAGANGAN','3'),
(3422,'AGEN KLIRING DAN PENGIRIMAN','3'),
(3423,'AGEN KETENAGAKERJAAN DAN PENGERAH TENAGA KERJA','3'),
(3429,'AGEN USAHA JASA DAN MAKELAR PERDAGANGAN YTDL','3'),
(3431,'SEKRETARIS ADMINISTRASI DAN ASOSIASI PROFESI SEJENIS','3'),
(3432,'ASOSIASI PROFESI, PERDAGANGAN DAN HUKUM','3'),
(3433,'PEMEGANG BUKU','3'),
(3434,'KELOMPOK PROFESIONALIS STATISTIK, MATEMATI DAN SEJENISNYA','3'),
(3439,'ASOSIASI PROFESI ADMINISTRASI YANG TIDAK DAPAT DIKLASIFIKASIKAN PADA SUB GO','3'),
(3441,'INSPEKTUR BEA CUKAI DAN PABEAN','3'),
(3442,'PETUGAS PAJAK DAN BEA CUKAI PEMERINTAH','3'),
(3443,'PETUGAS PENGHITUNG KEUNTUNGAN SOSIAL PEMERINTAH','3'),
(3444,'PETUGAS PERIJINAN PEMERINTAH','3'),
(3449,'ASOSIASI PROFESI BEA CUKAI, PAJAK DAN PEJABAT PEMERINTAH YTDL','3'),
(3450,'INSPEKTUR POLISI DAN DETEKTIF','3'),
(3460,'ASOSIASI PROFESI KERJA SOSIAL','3'),
(3471,'DEKORATOR DAN PERANCANG KOMERSIAL','3'),
(3472,'PENYIAR RADIO, TV DAN PENYIAR LAINNYA','3'),
(3473,'MUSIKUS, PENARI DAN PENARI JALANAN KLUB MALAM DAN SEJENISNYA','3'),
(3474,'BADUT, PESULAP, PEMAIN AKROBAT DAN ASOSIASI PROFESI SEJENIS','3'),
(3475,'PEMAIN ATLETIK DAN OLAHRAGAWAN DAN KELOMPOK PROFESIONAL SEJENIS','3'),
(3480,'ASOSIASI PROFESI KEAGAMAAN','3'),
(4111,'STENOGRAF DAN PENGETIK','4'),
(4112,'OPERATOR PENGOLAH DATA DAN SEJENIS','4'),
(4113,'OPERATOR DATA ENTRI','4'),
(4114,'OPERATOR MESIN PENGHITUNG','4'),
(4115,'SEKRETARIS','4'),
(4121,'PENATA USAHA AKUNTAN PEMBUKUAN','4'),
(4122,'PENATA USAHA STATISTIK DAN KEUANGAN','4'),
(4131,'PENATA USAHA PERSEDIAAN','4'),
(4132,'PENATA USAHA PRODUKSI','4'),
(4133,'PENATA USAHA ANGKUTAN','4'),
(4141,'PENATA USAHA PERPUSTAKAAN DAN ARSIP','4'),
(4142,'PENATA USAHA PENGIRIMAN DAN PENYORTITAN SURAT','4'),
(4143,'PENATA USAHA PENGKODEAN, CETAK BACAAN DAN SEJENIS','4'),
(4144,'PENULIS DAN PEKERJA SEJENIS','4'),
(4190,'PENATA USAHA KANTOR LAINNYA','4'),
(4211,'KASIR DAN PENATA USAHA TIKET','4'),
(4212,'TELER DAN PENATA USAHA TEMPAT PEMBAYARAN LAINNYA','4'),
(4215,'PENAGIH HUTANG DAN PEKERJA SEJENIS','4'),
(4222,'RESEPSIONIS DAN PENATA USAHA INFORMASI','4'),
(4223,'OPERATOR PAPAN PENYAMBUNGAN TELEPON','4'),
(5111,'PRAMUGARA DAN PRAMUGARI PERJALANAN','5'),
(5112,'KONDEKTUR PERJALANAN','5'),
(5113,'PEMANDU PERJALANAN','5'),
(5121,'PELAYAN, PRAMU RUMAH TANGGA DAN YANG SEJENIS','5'),
(5122,'JURU MASAK','5'),
(5123,'PRAMU RESTORAN DAN BAR','5'),
(5131,'PENGASUH ANAK','5'),
(5132,'PENGASUH PADA LEMBAGA PERORANGAN','5'),
(5139,'PERAWAT PERORANGAN DAN YANG SEJENIS','5'),
(5141,'PEMANGKAS RAMBUT, PENATA RAMBUT PERAWATKECANTIKAN DAN YANG SEJENIS','5'),
(5142,'PRAMURIA DAN PELAYAN PRIA','5'),
(5149,'PEKERJA JASA PERORANGAN YANG TIDAK DAPAT DIKLASIFIKASIKAN DI TEMPAT LAIN','5'),
(5152,'AHLI NUJUM, PERAMAL GARIS TANGAN DAN SEJENIS','5'),
(5161,'PEMADAM KEBAKARAN','5'),
(5162,'POLISI','5'),
(5163,'SIPIR PENJARA','5'),
(5169,'TENAGA JASA PERLINDUNGAN YANG TIDAK DAPAT DIKLASIFIKASIKAN DI TEMPAT','5'),
(5210,'PRAGAWAN DAN PRAGAWATI','5'),
(5220,'PRAMUNIAGA DAN PEMERAGA BARANG DI TOKO','5'),
(5230,'TENAGA PENJUALAN DI PASAR DAN PEDAGANG PINGGIR JALAN','5'),
(6111,'PENANAM LADANG DAN SAYURAN','6'),
(6112,'PENANAM POHON DAN PERKEBUNAN','6'),
(6113,'PEKERJA KEBUN HOLTIKULTURA DAN PERAWAT TUMBUHAN','6'),
(6114,'PENANAM TANAMAN CAMPURAN','6'),
(6121,'PRODUSEN SUSU DAN PETERNAK','6'),
(6122,'PRODUSEN TERNAK UNGGAS','6'),
(6123,'PETERNAK LEBAH DAN ULAT SUTERA','6'),
(6129,'PRODUSEN2 DAN JABATAN2 YANG BERHUBUNGAN DENGAN PEMASARAN HEWAN HASIL HEWAN','6'),
(6130,'TENAGA PEMASARAN HASIL TANAMAN DAN HEWAN','6'),
(6141,'PEKERJA KEHUTANAN DAN PENEBANG KAYU','6'),
(6142,'PEKERJA PEMBAKARAN ARANG DAN PEKERJAAN YBDI','6'),
(6151,'PETANI IKAN DARAT','6'),
(6152,'PEKERJA PERIKANAN TAMBAK DAN LAUT','6'),
(6153,'NELAYAN','6'),
(6154,'PEMBURU DAN PEMASANGAN PERANGKAP','6'),
(6210,'PEKERJA BERMATA PENCAHARIAN PERTANIAN','6'),
(7111,'PENAMBANG BATU, JURU TEMBAK DAN LEDAK ( TAMBANG )','7'),
(7121,'TUKANG BANGUNAN DAN BAHAN TRADISIONAL','7'),
(7122,'PEMASANG KERAMIK DAN TUKANG BATU','7'),
(7123,'PEMASANG BETON CETAKAN, TUKANG POLES DAN SEJENISNYA','7'),
(7124,'TUKANG KAYU DAN PEMBUAT PERABOT RUMAH TANGGA DARI KAYU','7'),
(7129,'PEMBUAT KERANGKA BANGUNAN JABATAN SEJENIS YANG TIDAK DAPAT DIKLASIFIKASIKAN','7'),
(7131,'TUKANG PASANG ATAP','7'),
(7132,'TUKANG PASANG UBIN DAN GENTENG','7'),
(7133,'TUKANG PLESTER','7'),
(7135,'TUKANG KACA','7'),
(7136,'TUKANG LEDENG DAN TUKANG PASANG PIPA','7'),
(7137,'TEKNISI LISTRIK GEDUNG DAN SEJENIS','7'),
(7141,'TUKANG CAT DAN YANG SEJENIS','7'),
(7142,'TUKANG PERNIS/PELITUR DAN YANG SEJENIS','7'),
(7143,'PEMBERSIH GEDUNG','7'),
(7211,'TUKANG CETAK LOGAM','7'),
(7212,'TUKANG LAS','7'),
(7214,'PEMBUAT BAHAN BANGUNAN DARI LOGAM','7'),
(7216,'PEKERJA BAWAH AIR','7'),
(7222,'PEMBUAT PERKAKAS DAN SEJENISNYA','7'),
(7223,'TUKANG POTONG MESIN PERKAKAS DAN OPERATOR PASANG MESIN PERKAKAS','7'),
(7231,'MONTIR KENDARAAN BERMOTOR DAN PEMASANG MESIN KENDARAAN BERMOTOR','7'),
(7232,'MEKANIK PESAWAT TERBANG DAN PENYETEL MESIN','7'),
(7233,'TEKNISI MESIN PERTANIAN ATAU TEKNISI MESIN INDUSTRI DAN PEMASANG MESIN PERT','7'),
(7241,'TEKNISI LISTRIK DAN PEMASANG LISTRIK','7'),
(7242,'PENYETEL PERALATAN ELEKTRONIK','7'),
(7243,'MEKANIK DAN PENSERVIS BARANG ELEKTRONIK','7'),
(7244,'INSTALATOR DAN YEKNISI PESAWAT TELPON DAN','7'),
(7245,'INSTALATOR JARINGAN KABEL DAN TEKNISI JARINGAN KABEL','7'),
(7311,'PEMBUAT DAN PEREPARASI INSTRUMEN PRESISI','7'),
(7321,'PEMBUAT ALAT PENGGOSOK BERODA,PEMBUAT','7'),
(7324,'PELUKIS DEKORASI BARANG DARI GELAS KERAMIK SERTA SERTA HIASAN SEJENIS','7'),
(7332,'PENGRAJIN TEKSTIL KULIT DAN BAHAN LAIN YANG SEJENIS','7'),
(7343,'OPERATOR MESIN PEMBUAT KLISE, CETAK DAN PENYEKETSA KLISE','7'),
(7344,'FOTOGRAFER DAN JABATAN SEJENIS','7'),
(7345,'PENJILID BUKU DAN JABATAN SEJENISNYA','7'),
(7346,'TUKANG CETAK KASA SUTRA BALOK DAN TEKSTIL','7'),
(7411,'TUKANG POTONG HEWAN, PENJUAL DAGING DAN PENGOLAH MAKANAN DAN JABATAN SEJENI','7'),
(7412,'PEMBUAT ROTI, KUE DAN KEMBANG GULA','7'),
(7413,'PENGOLAH DAN PENGHASIL SUSU','7'),
(7422,'PEMBUAT LEMARI DAN JABATAN YANG SEJENIS','7'),
(7423,'PEMASANG DAN OPERATOR MESIN PENGOLAH KAYU','7'),
(7424,'PENGANYAM KERANJANG DAN JABATAN SEJENIS','7'),
(7432,'PENENUN, PERAJUT DAN JABATAN SEJENIS','7'),
(7433,'PENJAHIT, PEMBUAT PAKAIAN WANITA DAN PEMBUAT TOPI','7'),
(7434,'PEDAGANG/PEMBUAT PAKAIAN BULU DAN JABATAN','7'),
(7435,'PEMOTONG POLA PAKAIAN, KULIT DAN JABATAN SEJENIS','7'),
(7436,'PENJAHIT, PENYULAM DAN JABATAN SEJENIS','7'),
(8111,'OPERATOR PABRIK PERTAMBANGAN','8'),
(8112,'OPERATOR MESIN UNTUK PENGOLAHAN BAHAN GALIAN BIJI BESI DAN BATU','8'),
(8141,'OPERATOR MESIN PABRIK PENGOLAHAN KAYU','8'),
(8142,'OPERATOR MESIN PABRIK BUBUR KERTAS','8'),
(8143,'OPERATOR MESIN PABRIK PEMBUAT KERTAS','8'),
(8151,'OPERATOR MESIN PENUMBUK, PENGGING DAN','8'),
(8152,'OPERATOR MESIN PABRIK PEMANASAN BAHAN KIMIA','8'),
(8153,'OPERATOR PERALATAN PENYARING DAN PEMISAH BAHAN KIMIA','8'),
(8155,'OPERATOR MESIN PABRIK PENYARING MINYAK DAN GAS','8'),
(8159,'OPERATOR PABRIK PENGOLAH BAHAN KIMIA YTDL','8'),
(8161,'OPERATOR MESIN PABRIK TENAGA PRODUKSI','8'),
(8163,'OPERATOR MESIN LISTRIK PEMBAKARAN, PENGOLAHAN AIR DAN PEMBAKARAN SAMPAH','8'),
(8171,'OPERATOR PERAKITAN AUTOMATIS','8'),
(8172,'OPERATOR ROBOT INDUSTRI','8'),
(8211,'OPERATOR PERALATAN MESIN','8'),
(8212,'OPERATOR MESIN PRODUK SEMEN DAN MINERAL','8'),
(8221,'OPERATOR MESIN PRODUKSI BARANG FARMASI DAN','8'),
(8224,'OPERATOR MESIN PRODUKSI DAN BARANG FOTOGRAFIS','8'),
(8232,'OPERATOR MESIN PRODUKSI BARANG DARI PLASTIK','8'),
(8252,'OPERATOR MESIN PENJILID BUKU','8'),
(8253,'OPERATOR MESIN PRODUKSI  BARANG DARI KERTAS','8'),
(8261,'OPERATOR MESIN PENYEDIAAN SERAT PEMINTALAN','8'),
(8262,'OPERATOR MESIN RAJUT DAN TENUN','8'),
(8263,'OPERATOR MESIN JAHIT','8'),
(8269,'OPERATOR MESIN PRODUKSI TEKSTIL, KULIT BINATANG & YBDI','8'),
(8271,'OPERATOR MESIN PENGOLAH DAGING DAN IKAN','8'),
(8273,'OPERATOR MESIN PENGGILING PADI-PADIAN DAN REMPAH/BUMBU','8'),
(8274,'OPERATOR MESIN PENGHASIL COKLAT DAN BIJI-BIJIAN','8'),
(8277,'OPERATOR MESIN PENGOLAH THE, KOPI, DAN COKLAT ','8'),
(8278,'OPERATOR MESIN PEMBUAT MINUMAN KERAS, MINUMAN RINGAN DAN MINUMAN LAINNYA','8'),
(8281,'PERAKIT MESIN MEKANIK','8'),
(8282,'PERAKIT PERALATAN LISTRIK','8'),
(8283,'PERAKIT PERALATAN ELEKTRONIK','8'),
(8284,'PERAKIT BARANG LOGAM, KARET DAN PLASTIK','8'),
(8286,'PERAKIT KARTON (PAPER BOARD) TEKSTIL DAN','8'),
(8290,'PERAKIT DAN OPERATOR MESIN LAINNYA','8'),
(8311,'MASINIS MESIN LOKOMOTIF','8'),
(8321,'PENGEMUDI KENDARAAN BERMOTOR','8'),
(8322,'PENGEMUDI MOBIL, TAXI, DAN MOBIL ANGKUTAN','8'),
(8324,'PENGEMUDI TRUK DAN KENDARAAN ANGKUTAN BARANG','8'),
(8331,'OPERATOR MESIN KENDARAAN PERTANIAN DAN','8'),
(8332,'OPERATOR MESIN PENGANGKUT YANAH DAN YBDI','8'),
(8333,'OPERATOR MESIN DEREK SERTA ALAT PENGANGKAT &','8'),
(8340,'KELASI KAPAL DAN PEKERJA YBDI','8'),
(9111,'PEDAGANG KAKI LIMA DI JALANAN','9'),
(9112,'PEDAGANG KAKI LIMA JALANAN PRODUK BUKAN MAKANAN','9'),
(9113,'PEDAGANG DARI RUMAH KE RUMAH ATAU MELALUI TELEPON','9'),
(9120,'PENYEMIR SEPATU DAN PEKERJA JASA JALANAN LAINNYA','9'),
(9131,'PEMBERSIH DAN PRAMU WISMA','9'),
(9132,'PEMBERSIH DAN PEMBANTU DI KANTOR, HOTEL DAN PERUSAHAAN LAINNYA','9'),
(9141,'PENGURUS GEDUNG','9'),
(9142,'PEMBERSIH KENDARAAN, JENDELA DAN SEJENISNYA','9'),
(9151,'PESURUH PEMBAWA DAN PENGIRIM PAKET DAN BARANG BAWAAN','9'),
(9152,'PENJAGA PINTU, PENJAGA KEAMANAN DAN PEKERJA','9'),
(9153,'PENGUMPUL UANG MESIN PENJAJA PEMBACA METERAN DAN PEKERJA SEJENIS','9'),
(9162,'PENYAPU DAN PEKERJA SEJENIS','9'),
(9211,'PETANI TRADISIONAL DAN PEKERJA PERTANIAN','9'),
(9212,'PEKERJA KEHUTANAN','9'),
(9213,'NELAYAN, PEMBURU DAN PEKERJA PEMASANG PERANGKAP','9'),
(9311,'PEKERJA PERTAMBANGAN DAN PENGGALIAN','9'),
(9312,'PEKERJA KONSTRUKSI DAN PERAWAT JALAN, BENDUNGAN DAN KONSTRUKSI SEJENIS','9'),
(9313,'PEKERJA KONSTRUKSI GEDUNG','9'),
(9321,'PEKERJA PERAKITAN','9'),
(9322,'PEKERJA PENGEMAS DENGAN TANGAN DAN PEKERJA PABRIK LAINNYA','9'),
(9332,'PENGEMUDI MESIN DAN KENDARAAN YANG DITARIK HEWAN','9'),
(9333,'PEMBONGKAR MUAT','9');

/*Table structure for table `jabatan` */

DROP TABLE IF EXISTS `jabatan`;

CREATE TABLE `jabatan` (
  `jabatan_id` int(11) NOT NULL AUTO_INCREMENT,
  `jabatan_nama` varchar(50) DEFAULT NULL,
  PRIMARY KEY (`jabatan_id`)
) ENGINE=InnoDB AUTO_INCREMENT=11 DEFAULT CHARSET=utf8mb4;

/*Data for the table `jabatan` */

insert  into `jabatan`(`jabatan_id`,`jabatan_nama`) values 
(1,'ANGGOTA ANGKATAN BERSENJATA (KECUALI'),
(2,'ANGGOTA BADAN LEGISLATIF, PEJABAT TINGGI'),
(3,'TENAGA PROFESIONAL'),
(4,'TEKNISI DAN KELOMPOK JABATAN '),
(5,'PENATA USAHA'),
(6,'TENAGA USAHA JASA DAN PENJUAL DAGANGAN'),
(7,'PEKERJA-PEKERJA KETERAMPILAN BIDANG'),
(8,'PEKERJA KASAR TERAMPIL DAN SEJENISNYA'),
(9,'OPERATOR DAN PERAKIT MESIN DAN MESIN'),
(10,'PEKERJA KASAR');

/*Table structure for table `jurusan` */

DROP TABLE IF EXISTS `jurusan`;

CREATE TABLE `jurusan` (
  `jurusan_id` int(4) NOT NULL,
  `jurusan_nama` varchar(48) DEFAULT NULL,
  `id_sekolah` int(11) DEFAULT NULL,
  `jurusan_jurusan1` varchar(4) DEFAULT NULL,
  `jurusan_jurusan2` varchar(4) DEFAULT NULL,
  PRIMARY KEY (`jurusan_id`),
  KEY `id_sekolah` (`id_sekolah`),
  CONSTRAINT `jurusan_ibfk_1` FOREIGN KEY (`id_sekolah`) REFERENCES `sekolah` (`sekolah_id`) ON DELETE CASCADE ON UPDATE CASCADE
) ENGINE=InnoDB DEFAULT CHARSET=utf8;

/*Data for the table `jurusan` */

insert  into `jurusan`(`jurusan_id`,`jurusan_nama`,`id_sekolah`,`jurusan_jurusan1`,`jurusan_jurusan2`) values 
(1101,'TIDAK TAMAT SD',1000,'1000',''),
(1102,'TAMAT SD',1000,'1000',''),
(1103,'SETINGKAT SD',1000,'1000',''),
(2001,'SLTP UMUM',2000,'2001',''),
(2101,'SEKOLAH MENENGAH PERTAMA',2000,'2001',''),
(2102,'MADRASAH DINIYAH SANAWIYAH',2000,'2001',''),
(2103,'SLTP LAINNYA',2000,'2003',''),
(2104,'SLTP KEJURUAN',2000,'2002',''),
(2199,'SLTP - TAK TERDEFENISI',2000,'2003',''),
(3001,'SMU',3000,'',''),
(3002,'MADRASAH DINIYAH ALIYAH',3000,'',''),
(3101,'TEKNIK BANGUNAN',3000,'3002','3100'),
(3102,'TEKNIK PLUMBING DAN SANITASI',3000,'3002','3100'),
(3103,'TEKNIK SURVEI DAN PEMETAAN',3000,'3002','3100'),
(3104,'TEKNIK KETENAGALISTRIKAN',3000,'3002','3100'),
(3105,'TEKNIK PENDINGINAN DAN TATA UDARA',3000,'3002','3100'),
(3106,'TEKNIK MESIN',3000,'3002','3100'),
(3107,'TEKNIK OTOMOTIF',3000,'3002','3100'),
(3108,'TEKNOLOGI PESAWAT UDARA',3000,'3002','3100'),
(3109,'TEKNIK PERKAPALAN',3000,'3002','3100'),
(3110,'TEKNOLOGI TEKSTIL',3000,'3002','3100'),
(3111,'TEKNIK GRAFIKA',3000,'3002','3100'),
(3112,'GEOLOGI PERTAMBANGAN',3000,'3002','3100'),
(3113,'INSTRUMENTASI INDUSTRI',3000,'3002','3100'),
(3114,'TEKNIK KIMIA',3000,'3002','3100'),
(3115,'PELAYARAN',3000,'3002','3100'),
(3116,'TEKNIK INDUSTRI',3000,'3002','3100'),
(3117,'TEKNIK PERMINYAKAN',3000,'3002','3100'),
(3118,'TEKNIK ELEKTRONIKA',3000,'3002','3100'),
(3201,'TEKNIK TELEKOMUNIKASI',3000,'3002','3200'),
(3202,'TEKNIK KOMPUTER DAN INFORMATIKA',3000,'3002','3200'),
(3203,'TEKNIK BROADCASTING',3000,'3002','3200'),
(3301,'KESEHATAN',3000,'3002','3300'),
(3302,'PERAWATAN SOSIAL',3000,'3002','3300'),
(3401,'SENI RUPA',3000,'3002','3400'),
(3402,'DESAIN DAN PRODUKSI KRIA',3000,'3002','3400'),
(3403,'SENI PERTUNJUKAN',3000,'3002','3400'),
(3404,'PARIWISATA',3000,'3002','3400'),
(3405,'TATA BOGA',3000,'3002','3400'),
(3406,'TATA KECANTIKAN',3000,'3002','3400'),
(3407,'TATA BUSANA',3000,'3002','3400'),
(3500,'SMK - AGRIBISNIS DAN AGROTEKNOLOGI',3000,'3002','3500'),
(3501,'AGRIBISNIS PRODUKSI TANAMAN',3000,'3002','3500'),
(3502,'AGRIBISNIS PRODUKSI TERNAK',3000,'3002','3500'),
(3503,'AGRIBISNIS PRODUKSI SUMBERDAYA PERAIRAN',3000,'3002','3500'),
(3504,'MEKANISASI PERTANIAN',3000,'3002','3500'),
(3505,'AGRIBISNIS HASIL PERTANIAN',3000,'3002','3500'),
(3506,'PENYULUHAN PERTANIAN',3000,'3002','3500'),
(3507,'KEHUTANAN',3000,'3002','3500'),
(3601,'ADMINISTRASI',3000,'3002','3600'),
(3602,'KEUANGAN',3000,'3002','3600'),
(3603,'TATA NIAGA',3000,'3002','3600'),
(3700,'SETINGKAT SMU LAINNYA',3000,'3002','3700'),
(3701,'SLTA LAINNYA',3000,'3002','3700'),
(3702,'SLTA - TAK TERDEFINISI',3000,'3002','3700'),
(3801,'SMU',3000,'2000','3001'),
(3802,'MADRASAH DINIYAH ALIYAH',3000,'2000','3001'),
(4101,'PENDIDIKAN',4000,'4100',''),
(4102,'PENDIDIKAN LUAR SEKOLAH',4000,'4100',''),
(4104,'PSIKOLOGI',4000,'4100',''),
(4105,'ILMU PENGETAHUAN SOSIAL',4000,'4100',''),
(4106,'PENDIDIKAN MORAL PANCASILA',4000,'4100',''),
(4107,'ADMINISTRASI KEUANGAN',4000,'4100',''),
(4109,'SEJARAH',4000,'4100',''),
(4110,'HUKUM',4000,'4100',''),
(4111,'KESEKRETARIATAN',4000,'4100',''),
(4112,'OLAH RAGA KESEHATAN',4000,'4100',''),
(4113,'KESENIAN',4000,'4100',''),
(4114,'BAHASA INDONESIA',4000,'4100',''),
(4115,'BAHASA INGGRIS',4000,'4100',''),
(4116,'BAHASA ARAB',4000,'4100',''),
(4118,'EKONOMI',4000,'4100',''),
(4119,'ILMU PENGETAHUAN ALAM/FISIKA',4000,'4100',''),
(4120,'MATEMATIKA',4000,'4100',''),
(4121,'PROGRAM KOMPUTER',4000,'4100',''),
(4122,'BIOLOGI',4000,'4100',''),
(4123,'ILMU KIMIA',4000,'4100',''),
(4125,'TEKNIK MESIN',4000,'4100',''),
(4126,'TEKNIK SIPIL',4000,'4100',''),
(4127,'TEKNIK LISTRIK',4000,'4100',''),
(4129,'DIPLOMA I/AKTA I LAINNYA',4000,'4100',''),
(4199,'DIPLOMA I - TAK TERDEFINISI',4000,'4100',''),
(4201,'PENDIDIKAN',4000,'4200',''),
(4202,'PENDIDIKAN SOSIAL',4000,'4200',''),
(4203,'PENDIDIKAN LUAR SEKOLAH',4000,'4200',''),
(4204,'PSIKOLOGI',4000,'4200',''),
(4205,'PENDIDIKAN MORAL PANCASILA',4000,'4200',''),
(4206,'ANTROPOLOGI',4000,'4200',''),
(4208,'HUKUM',4000,'4200',''),
(4209,'PENDIDIKAN KESEJAHTERAAN KELUARGA',4000,'4200',''),
(4210,'EKONOMI',4000,'4200',''),
(4211,'KESENIAN',4000,'4200',''),
(4212,'KESEKRETARIATAN',4000,'4200',''),
(4213,'ADMINISTRASI',4000,'4200',''),
(4214,'MARKETING',4000,'4200',''),
(4215,'AKUTANSI',4000,'4200',''),
(4216,'OLAH RAGA',4000,'4200',''),
(4217,'BAHASA INDONESIA',4000,'4200',''),
(4218,'BAHASA INGGRIS',4000,'4200',''),
(4219,'BAHASA ARAB',4000,'4200',''),
(4220,'ILMU PENGETAHUAN ALAM',4000,'4200',''),
(4221,'GEOGRAFI',4000,'4200',''),
(4222,'MATEMATIKA',4000,'4200',''),
(4223,'BIOLOGI',4000,'4200',''),
(4224,'KETERAMPILAN',4000,'4200',''),
(4226,'TEKNIK SIPIL',4000,'4200',''),
(4227,'TEKNIK MESIN',4000,'4200',''),
(4228,'TEKNIK LISTRIK',4000,'4200',''),
(4229,'KIMIA',4000,'4200',''),
(4230,'DIPLOMA II/AKTA II LAINNYA',4000,'4200',''),
(4299,'DIPLOMA II - TAK TERDEFINISI',4000,'4200',''),
(5101,'FISIKA',5000,'5100',''),
(5102,'ASTRONOMI',5000,'5100',''),
(5103,'BIOLOGI',5000,'5100',''),
(5104,'GEOLOGI DAN PERTAMBANGAN',5000,'5100',''),
(5106,'GEORAFI',5000,'5100',''),
(5107,'MATEMATIKA',5000,'5100',''),
(5108,'ILMU STATISTIK',5000,'5100',''),
(5109,'ILMU KOMPUTER',5000,'5100',''),
(5110,'KIMIA',5000,'5100',''),
(5111,'ILMU PASTI/ALAM LAINNYA',5000,'5100',''),
(5199,'ILMU PASTI - TAK TERDEFINISI',5000,'5100',''),
(5201,'TEKNIK GEODESI/GEOLOGI',5000,'5200',''),
(5202,'TEKNIK KIMIA',5000,'5200',''),
(5203,'TEKNIK SIPIL',5000,'5200',''),
(5204,'ARSITEKTUR',5000,'5200',''),
(5205,'TEKNIK LISTRIK',5000,'5200',''),
(5206,'TEKNIK MESIN',5000,'5200',''),
(5207,'TEKNIK INDUSTRI',5000,'5200',''),
(5208,'TEKNIK LOGAM',5000,'5200',''),
(5209,'TEKNIK PERTAMBANGAN DAN MINYAK',5000,'5200',''),
(5210,'FISIKA TEKNIK',5000,'5200',''),
(5211,'TEKNIK NUKLIR',5000,'5200',''),
(5214,'TEKNOLOGI TEKSTIL',5000,'5200',''),
(5215,'TEKNOLOGI GRAFIKA',5000,'5200',''),
(5216,'TEKNOLOGI GAS DAN MINYAK BUMI',5000,'5200',''),
(5217,'TEKNOLOGI LAINNYA',5000,'5200',''),
(5299,'TEKNOLOGI - TAK TERDEFINISI',5000,'5200',''),
(5301,'PERTANIAN UMUM',5000,'5300',''),
(5302,'HORTIKULTURA',5000,'5300',''),
(5303,'HASIL PERTANIAN',5000,'5300',''),
(5304,'EKONOMI PERTANIAN',5000,'5300',''),
(5305,'TEKNOLOGI DAN ILMU MAKANAN',5000,'5300',''),
(5307,'KEDOKTERAN HEWAN',5000,'5300',''),
(5308,'PETERNAKAN',5000,'5300',''),
(5309,'PERIKANAN',5000,'5300',''),
(5310,'KEHUTANAN',5000,'5300',''),
(5311,'PERTANIAN LAINNYA',5000,'5300',''),
(5399,'PERTANIAN - TAK TERDEFINISI',5000,'5300',''),
(5401,'KEDOKTERAN UMUM',5000,'5400',''),
(5402,'KEDOKTERAN GIGI',5000,'5400',''),
(5403,'FARMASI',5000,'5400',''),
(5404,'PENILIK KESEHATAN/HYGINE/GIZI',5000,'5400',''),
(5405,'ANASTESI',5000,'5400',''),
(5406,'FISIOTERAPI',5000,'5400',''),
(5407,'PERAWAT',5000,'5400',''),
(5408,'PENATA RONTGEN',5000,'5400',''),
(5409,'KESEHATAN LAINNYA',5000,'5400',''),
(5499,'KESEHATAN - TAK TERDEFINISI',5000,'5400',''),
(5501,'EKONOMI',5000,'5500',''),
(5502,'AKUNTANSI',5000,'5500',''),
(5503,'KEUANGAN DAN PAJAK',5000,'5500',''),
(5504,'HUKUM',5000,'5500',''),
(5505,'ILMU POLITIK',5000,'5500',''),
(5506,'SOSIOLOGI',5000,'5500',''),
(5507,'ANTROPOLOGI',5000,'5500',''),
(5508,'GEOGRAFI',5000,'5500',''),
(5509,'ADMINISTRASI',5000,'5500',''),
(5510,'SEKRETARIS',5000,'5500',''),
(5511,'MANAJEMENT',5000,'5500',''),
(5512,'PSIKOLOGI',5000,'5500',''),
(5513,'SEJARAH',5000,'5500',''),
(5516,'BAHASA INDONESIA',5000,'5500',''),
(5517,'BAHASA DAERAH',5000,'5500',''),
(5518,'BAHASA INGGRIS',5000,'5500',''),
(5522,'BAHASA ARAB',5000,'5500',''),
(5524,'BAHASA CINA',5000,'5500',''),
(5525,'BAHASA JEPANG',5000,'5500',''),
(5526,'KEAGAMAAN DAN ILMU KETUHANAN (IAIN)',5000,'5500',''),
(5527,'KESEJAHTERAAN KELUARGA',5000,'5500',''),
(5528,'SENI',5000,'5500',''),
(5529,'PUBLISTIK/PENERANGAN',5000,'5500',''),
(5530,'ILMU KOMUNIKASI MASSA',5000,'5500',''),
(5531,'PERPUSTAKAAN',5000,'5500',''),
(5532,'ANAK BUAH KAPAL DAN TEKNISI PELAYARAN',5000,'5500',''),
(5533,'POS DAN TELEKOMUNIKASI',5000,'5500',''),
(5534,'HOTEL, RESTORAN DAN PARAWISATA',5000,'5500',''),
(5535,'ILMU PENGETAHUAN SOSIAL/BUDAYA LAINNYA',5000,'5500',''),
(5599,'ILMU PENG. SOSIAL/BUDAYA - TAK TERDEFINISI',5000,'5500',''),
(5601,'PENDIDIKAN',5000,'5600',''),
(5602,'BIMBINGAN DAN PENYULUHAN',5000,'5600',''),
(5604,'PENDIDIKAN LUAR SEKOLAH',5000,'5600',''),
(5605,'PSIKOLOGI',5000,'5600',''),
(5606,'PENDIDIKAN SOSIAL',5000,'5600',''),
(5607,'PENDIDIKAN KESEJAHTERAAN SOSIAL',5000,'5600',''),
(5608,'PENDIDIKAN MORAL PANCASILA',5000,'5600',''),
(5609,'PERPUSTAKAAN',5000,'5600',''),
(5610,'ADMINISTRASI PENDIDIKAN',5000,'5600',''),
(5611,'ADMINISTRASI KEUANGAN',5000,'5600',''),
(5612,'KESEKRETARIATAN',5000,'5600',''),
(5613,'KESENIAN',5000,'5600',''),
(5614,'BAHASA DAERAH',5000,'5600',''),
(5615,'BAHSA INDONESIA',5000,'5600',''),
(5616,'BAHASA INGGRIS',5000,'5600',''),
(5620,'BAHSA JEPANG',5000,'5600',''),
(5621,'BAHASA ARAB',5000,'5600',''),
(5622,'ANTROPOLOGI',5000,'5600',''),
(5623,'SEJARAH',5000,'5600',''),
(5624,'EKONOMI',5000,'5600',''),
(5625,'AKUNTANSI',5000,'5600',''),
(5626,'MANAJEMENT',5000,'5600',''),
(5627,'HUKUM',5000,'5600',''),
(5628,'TATA BOGA/TATA BUSANA',5000,'5600',''),
(5629,'OLAH RAGA',5000,'5600',''),
(5630,'FISIKA',5000,'5600',''),
(5631,'ILMU KIMIA',5000,'5600',''),
(5632,'GEOGRAPI',5000,'5600',''),
(5633,'BIOLOGI/ILMU HAYAT',5000,'5600',''),
(5634,'MATEMATIK',5000,'5600',''),
(5636,'KEJURUAN',5000,'5600',''),
(5637,'SISTEM ANALIS KOMPUTER',5000,'5600',''),
(5638,'TEKNIK LABORATORIUM',5000,'5600',''),
(5640,'TEKNIK KIMIA',5000,'5600',''),
(5641,'TEKNIK SIPIL',5000,'5600',''),
(5642,'ARSITEKTUR',5000,'5600',''),
(5643,'TEKNIK LISTRIK',5000,'5600',''),
(5644,'TEKNIK MESIN',5000,'5600',''),
(5645,'ILMU PENDIDIKAN DAN KEGURUAN LAINNYA',5000,'5600',''),
(5699,'ILMU PENDIDIKAN DAN KEGURUAN - TAK TERDEFINISI',5000,'5600',''),
(6101,'FISIKA',6000,'6100',''),
(6102,'ILMU GEOLOGI',6000,'6100',''),
(6103,'KIMIA',6000,'6100',''),
(6104,'BIOLOGI',6000,'6100',''),
(6105,'METEROLOGI DAN GEOPISIKA',6000,'6100',''),
(6106,'MATEMATIKA',6000,'6100',''),
(6107,'STATISTIK',6000,'6100',''),
(6108,'KOMPUTER',6000,'6100',''),
(6109,'ILMU PASTI/ILMU ALAM LAINNYA',6000,'6100',''),
(6199,'ILMU PASTI/ILMU ALAM - TAK TERDEFINISI',6000,'6100',''),
(6201,'TEKNIK GEODESI/GEOLOGI',6000,'6200',''),
(6202,'TEKNIK KIMIA',6000,'6200',''),
(6203,'TEKNIK SIPIL',6000,'6200',''),
(6204,'ARSITEKTUR',6000,'6200',''),
(6205,'TEKNIK LISTRIK',6000,'6200',''),
(6206,'TEKNIK MESIN',6000,'6200',''),
(6207,'TEKNIK INDUSTRI',6000,'6200',''),
(6208,'TEKNIK LOGAM',6000,'6200',''),
(6209,'TEKNIK PERTAMBANGAN DAN MINYAK',6000,'6200',''),
(6210,'FISIKA TEKNIK',6000,'6200',''),
(6211,'TEKNIK NUKLIR',6000,'6200',''),
(6214,'TEKNOLOGI TEKSTIL',6000,'6200',''),
(6215,'TEKNOLOGI GAS DAN MINYAK BUMI',6000,'6200',''),
(6216,'TEKNOLOGI GAS DAN MINYAK BUMI',6000,'6200',''),
(6217,'TEKNOLOGI LAINNYA',6000,'6200',''),
(6299,'TEKNOLOGI - TAK TERDEFINISI',6000,'6200',''),
(6301,'PERTANIAN UMUM',6000,'6300',''),
(6302,'HORTIKULTURA',6000,'6300',''),
(6303,'HASIL PERTANIAN',6000,'6300',''),
(6304,'EKONOMI PERTANIAN',6000,'6300',''),
(6305,'TEKNOLOGI DAN ILMU MAKANAN',6000,'6300',''),
(6306,'ILMU TANAH DAN AIR',6000,'6300',''),
(6307,'KEDOKTERAN HEWAN',6000,'6300',''),
(6308,'PERTERNAKAN',6000,'6300',''),
(6309,'PERIKANAN',6000,'6300',''),
(6310,'KEHUTANAN',6000,'6300',''),
(6311,'PERTANIAN LAINNYA',6000,'6300',''),
(6312,'PERTANIAN - TAK TERDIFINISI',6000,'6300',''),
(6401,'KEDOKTERAN UMUM',6000,'6400',''),
(6402,'KEDOKTERAN GIGI',6000,'6400',''),
(6403,'FARMASI',6000,'6400',''),
(6404,'KESEHATAN LAINNYA',6000,'6400',''),
(6499,'KESEHATAN - TAK TERDEFINISI',6000,'6400',''),
(6501,'EKONOMI',6000,'6500',''),
(6502,'AKUNTANSI',6000,'6500',''),
(6503,'HUKUM',6000,'6500',''),
(6504,'ILMU POLITIK',6000,'6500',''),
(6505,'SOSIOLOGI',6000,'6500',''),
(6506,'ANTROPOLOGI',6000,'6500',''),
(6507,'GEOGRAFI',6000,'6500',''),
(6508,'ADMINISTRASI',6000,'6500',''),
(6509,'MANAJEMENT',6000,'6500',''),
(6510,'PSIKOLOGI',6000,'6500',''),
(6511,'SEJARAH',6000,'6500',''),
(6512,'ARKEOLOGI',6000,'6500',''),
(6513,'FILSAFAT',6000,'6500',''),
(6514,'BAHASA INDONESIA',6000,'6500',''),
(6515,'BAHASA DAERAH',6000,'6500',''),
(6516,'BAHASA INGGRIS',6000,'6500',''),
(6517,'BAHASA JERMAN',6000,'6500',''),
(6518,'BAHASA PERANCIS',6000,'6500',''),
(6520,'BAHSA ARAB',6000,'6500',''),
(6521,'BAHASA RUSIA',6000,'6500',''),
(6522,'BAHASA CINA',6000,'6500',''),
(6523,'BAHASA JEPANG',6000,'6500',''),
(6524,'KEAGAMAAN DAN ILMU KETUHANAN (IAIN)',6000,'6500',''),
(6525,'KESEJAHTERAAN KELUARGA',6000,'6500',''),
(6526,'PUBLISTIK',6000,'6500',''),
(6527,'KOMUNIKASI MASSA',6000,'6500',''),
(6528,'PERPUSTAKAAN',6000,'6500',''),
(6529,'ILMU PENGETAHUAN SOSIAL/BUDAYA LAINNYA',6000,'6500',''),
(6599,'ILMU PENGETAHUAN SOSIAL/BUDAYA - TAK TERDEFINISI',6000,'6500',''),
(6601,'PENDIDIKAN UMUM',6000,'6600',''),
(6602,'ADMINISTRASI PENDIDIKAN',6000,'6600',''),
(6603,'PEMBINAAN DAN PENYULUHAN',6000,'6600',''),
(6604,'KURIKULUM',6000,'6600',''),
(6605,'PSIKOLOGI',6000,'6600',''),
(6606,'PINDIDIKAN SOSIAL',6000,'6600',''),
(6607,'PENDIDIKAN MORAL PANCASILA',6000,'6600',''),
(6608,'PERPUSTAKAAN',6000,'6600',''),
(6609,'KESEJAHTERAAN KELUARGA',6000,'6600',''),
(6610,'ADMINISTRASI',6000,'6600',''),
(6611,'ANTROPOLOGI',6000,'6600',''),
(6612,'GEOGRAFI',6000,'6600',''),
(6613,'SEJARAH',6000,'6600',''),
(6614,'BAHASA INDONESIA',6000,'6600',''),
(6615,'BAHASA DAERAH',6000,'6600',''),
(6616,'BAHASA INGGRIS',6000,'6600',''),
(6617,'BAHASA JERMAN',6000,'6600',''),
(6618,'BAHASA PERANCIS',6000,'6600',''),
(6619,'BAHASA BELANDA',6000,'6600',''),
(6620,'BAHASA JEPANG',6000,'6600',''),
(6621,'BAHASA ARAB',6000,'6600',''),
(6622,'OLAH RAGA',6000,'6600',''),
(6623,'TATA BOGA',6000,'6600',''),
(6624,'TATA GRAHA',6000,'6600',''),
(6625,'KESENIAN',6000,'6600',''),
(6626,'EKONOMI',6000,'6600',''),
(6627,'HUKUM',6000,'6600',''),
(6628,'MANAJEMANT',6000,'6600',''),
(6629,'GEOGRAFI',6000,'6600',''),
(6630,'FISIKA',6000,'6600',''),
(6631,'ILMU KIMIA',6000,'6600',''),
(6632,'BIOLOGI',6000,'6600',''),
(6633,'MATEMATIKA',6000,'6600',''),
(6634,'TEKNIK MESIN',6000,'6600',''),
(6635,'TEKNIK SIPIL',6000,'6600',''),
(6636,'ARSITEKTUR',6000,'6600',''),
(6637,'TEKNIK INDUSTRI',6000,'6600',''),
(6638,'TEKNIK LISTRIK',6000,'6600',''),
(6639,'ILMU PENDIDIKAN DAN KEGURUAN LAINNYA',6000,'6600',''),
(6699,'ILMU PENDIDIKAN DAN KEGURUAN - TAK TERDEFINISI',6000,'6600',''),
(7101,'FISIKA',7000,'7100',''),
(7103,'KIMIA',7000,'7100',''),
(7104,'BIOLOGI',7000,'7100',''),
(7105,'METEROLOGI DAN GEOFISIKA',7000,'7100',''),
(7106,'MATEMATIKA',7000,'7100',''),
(7108,'KOMPUTER',7000,'7100',''),
(7109,'ILMU PASTI/ILMU ALAM LAINNYA',7000,'7100',''),
(7199,'ILMU PASTI/ILMU ALAM - TAK TERDEFINISI',7000,'7100',''),
(7202,'TEKNIK KIMIA',7000,'7200',''),
(7203,'TEKNIK SIPIL',7000,'7200',''),
(7205,'TEKNIK LISTRIK',7000,'7200',''),
(7206,'TEKNIK MESIN',7000,'7200',''),
(7212,'PENGOLAH GULA',7000,'7200',''),
(7299,'TEKNOLOGI LAINNYA',7000,'7200',''),
(7301,'PERTANIAN UMUM',7000,'7300',''),
(7303,'HASIL PERTANIAN',7000,'7300',''),
(7304,'EKONOMI PERTANIAN',7000,'7300',''),
(7305,'TEKNOLOGI DAN ILMU MAKANAN',7000,'7300',''),
(7306,'ILMU TANAH DAN AIR',7000,'7300',''),
(7307,'KEDOKTERAN HEWAN',7000,'7300',''),
(7308,'PERTERNAKAN',7000,'7300',''),
(7309,'PERIKANAN',7000,'7300',''),
(7310,'KEHUTANAN',7000,'7300',''),
(7311,'PERTANIAN LAINNYA',7000,'7300',''),
(7401,'KEDOKTERAN UMUM',7000,'7400',''),
(7403,'FARMASI',7000,'7400',''),
(7404,'KESEHATAN LAINNYA',7000,'7400',''),
(7499,'KESEHATAN - TAK TERDEFINISI',7000,'7400',''),
(7501,'EKONOMI',7000,'7500',''),
(7502,'AKUNTANSI',7000,'7500',''),
(7503,'HUKUM',7000,'7500',''),
(7504,'ILMU POLITIK',7000,'7500',''),
(7505,'SOSIOLOGI',7000,'7500',''),
(7506,'ANTROPOLOGI',7000,'7500',''),
(7508,'ADMINISTRASI',7000,'7500',''),
(7509,'MANAJEMENT',7000,'7500',''),
(7510,'PSIKOLOGI',7000,'7500',''),
(7511,'SEJARAH',7000,'7500',''),
(7514,'BAHASA INDONESIA',7000,'7500',''),
(7516,'BAHASA INGGRIS',7000,'7500',''),
(7520,'BAHASA ARAB',7000,'7500',''),
(7523,'BAHASA JEPANG',7000,'7500',''),
(7524,'KEAGAMAAN DAN ILMU KETUHANAN (IAIN)',7000,'7500',''),
(7526,'PUBLISTIK',7000,'7500',''),
(7527,'KOMUNIKASI MASSA',7000,'7500',''),
(7528,'PERPUSTAKAAN',7000,'7500',''),
(7529,'ILMU PENGETAHUAN SOSIAL/BUDAYA LAINNYA',7000,'7500',''),
(7599,'ILMU PENGETAHUAN SOSIAL/BUDAYA - TAK TERDEFINISI',7000,'7500',''),
(7601,'PENDIDIKAN UMUM',7000,'7600',''),
(7602,'ADMINISTRASI PENDIDIKAN',7000,'7600',''),
(7603,'PEMBINAAN DAN PEYULUHAN',7000,'7600',''),
(7605,'PSIKOLOGI',7000,'7600',''),
(7606,'PINDIDIKAN SOSIAL',7000,'7600',''),
(7610,'ADMINISTRASI',7000,'7600',''),
(7611,'ANTROPOLOGI',7000,'7600',''),
(7613,'SEJARAH',7000,'7600',''),
(7614,'BAHASA INDONESIA',7000,'7600',''),
(7616,'BAHASA INGGRIS',7000,'7600',''),
(7618,'BAHASA PERANCIS',7000,'7600',''),
(7621,'BAHASA ARAB',7000,'7600',''),
(7622,'OLAH RAGA',7000,'7600',''),
(7625,'KESENIAN',7000,'7600',''),
(7626,'EKONOMI',7000,'7600',''),
(7627,'HUKUM',7000,'7600',''),
(7628,'MANAJEMEN',7000,'7600',''),
(7630,'FISIKA',7000,'7600',''),
(7631,'ILMU KIMIA',7000,'7600',''),
(7632,'BIOLOGI',7000,'7600',''),
(7633,'MATEMATIKA',7000,'7600',''),
(7634,'TEKNIK MESIN',7000,'7600',''),
(7636,'ARSITEKTUR',7000,'7600',''),
(7637,'TEKNIK INDUSTRI',7000,'7600',''),
(7639,'ILMU PENDIDIKAN DAN KEGURUAN LAINNYA',7000,'7600',''),
(7699,'ILMU PENDIDIKAN DAN KEGURUAN - TAK TERDEFINISI',7000,'7600','');

/*Table structure for table `kecamatan` */

DROP TABLE IF EXISTS `kecamatan`;

CREATE TABLE `kecamatan` (
  `kecamatan_id` int(11) NOT NULL AUTO_INCREMENT,
  `nama_kec` varchar(255) COLLATE utf8_unicode_ci DEFAULT NULL,
  `kd_kecamatan` int(2) DEFAULT NULL,
  `id_kota` int(11) DEFAULT NULL,
  `alamat` varchar(255) COLLATE utf8_unicode_ci NOT NULL,
  `index` varchar(128) COLLATE utf8_unicode_ci NOT NULL,
  PRIMARY KEY (`kecamatan_id`),
  KEY `fk_kecamatan_kota` (`id_kota`)
) ENGINE=InnoDB AUTO_INCREMENT=5 DEFAULT CHARSET=utf8 COLLATE=utf8_unicode_ci;

/*Data for the table `kecamatan` */

insert  into `kecamatan`(`kecamatan_id`,`nama_kec`,`kd_kecamatan`,`id_kota`,`alamat`,`index`) values 
(1,'Pariaman Tengah',1,77,'Jln. Jend. Sudirman No. 161 Telp (0751) 91005 Pariaman','Parteng'),
(2,'Pariaman Utara',2,77,'Kecamatan Pariaman Utara','Parut'),
(3,'Pariaman Selatan',3,77,'',''),
(4,'Pariaman Timur',4,77,'','');

/*Table structure for table `keterangan` */

DROP TABLE IF EXISTS `keterangan`;

CREATE TABLE `keterangan` (
  `keterangan_id` int(11) NOT NULL AUTO_INCREMENT,
  `keterangan_nama` varchar(100) DEFAULT NULL,
  `keterangan_tempat` varchar(100) DEFAULT NULL,
  `keterangan_tgl` date DEFAULT NULL,
  `keterangan_jkl` int(2) DEFAULT NULL,
  `keterangan_alamat` varchar(255) DEFAULT NULL,
  `keterangan_kel` int(2) DEFAULT NULL,
  `keterangan_kec` int(2) DEFAULT NULL,
  `keterangan_hp` varbinary(12) DEFAULT NULL,
  `keterangan_status` int(2) DEFAULT NULL,
  `keterangan_tb` varchar(5) DEFAULT NULL,
  `keterangan_bb` varchar(5) DEFAULT NULL,
  `keterangan_email` varchar(50) DEFAULT NULL,
  `id_daftar` bigint(16) NOT NULL,
  `keterangan_pendidikanstatus` int(2) DEFAULT NULL,
  `keterangan_pendidikandatehapus` date DEFAULT NULL,
  PRIMARY KEY (`keterangan_id`),
  KEY `id_daftar` (`id_daftar`),
  CONSTRAINT `keterangan_ibfk_1` FOREIGN KEY (`id_daftar`) REFERENCES `daftar` (`daftar_id`) ON DELETE CASCADE ON UPDATE CASCADE
) ENGINE=InnoDB AUTO_INCREMENT=63 DEFAULT CHARSET=utf8mb4;

/*Data for the table `keterangan` */

insert  into `keterangan`(`keterangan_id`,`keterangan_nama`,`keterangan_tempat`,`keterangan_tgl`,`keterangan_jkl`,`keterangan_alamat`,`keterangan_kel`,`keterangan_kec`,`keterangan_hp`,`keterangan_status`,`keterangan_tb`,`keterangan_bb`,`keterangan_email`,`id_daftar`,`keterangan_pendidikanstatus`,`keterangan_pendidikandatehapus`) values 
(55,'RAHMAT PUTRA','PARIAMAN','1992-03-19',1,'JL. RA. KARTINI 47 C',2019,1,'085375363395',2,'189','78','wqqqqe@gmail.com',1377011903920002,3,NULL),
(57,'SELFIRA HINDRIYANI','PARIAMAN','1991-09-02',2,'JL SUDIRMAN NO 120 B',1011,1,'085375363395',2,'175','68','we12@gmail.com',1377014209910001,3,NULL),
(59,'GILANG RIZANA PRATAMA','BUKIT TINGGI','1990-08-16',1,'JL. SITI MANGGOPOH',2014,2,'978679573',2,'175','65','gg@gmail.com',1377011608900001,2,NULL),
(60,'M. ICKSAN','PARIAMAN','2001-11-29',1,'JL. SYEKH BURHANUDDIN',1001,1,'4534514',2,'176','56','we12@gmail.com',1377012911010001,2,NULL),
(61,'RIRIN PUTRI ANEDYA','JAKARTA','1997-01-29',2,'SIKAPAK TIMUR',2010,2,'987654',1,'167','76','tgtr@gmail.com',1377026901970001,2,NULL),
(62,'DEWI MAYANG SARI','PARIAMAN','1996-09-18',2,'JL. RA. KARTINI 47 C',2019,1,'9876554',1,'170','56','tgtr@gmail.com',1377015809960003,3,NULL);

/*Table structure for table `lokasi` */

DROP TABLE IF EXISTS `lokasi`;

CREATE TABLE `lokasi` (
  `lokasi_id` int(11) NOT NULL AUTO_INCREMENT,
  `lokasi_tempat` int(2) DEFAULT NULL,
  `lokasi_upah` int(2) DEFAULT NULL,
  `id_daftar` bigint(16) DEFAULT NULL,
  `lokasi_foto` varchar(255) DEFAULT NULL,
  PRIMARY KEY (`lokasi_id`),
  KEY `id_daftar` (`id_daftar`),
  CONSTRAINT `lokasi_ibfk_1` FOREIGN KEY (`id_daftar`) REFERENCES `daftar` (`daftar_id`) ON DELETE CASCADE ON UPDATE CASCADE
) ENGINE=InnoDB AUTO_INCREMENT=59 DEFAULT CHARSET=utf8mb4;

/*Data for the table `lokasi` */

insert  into `lokasi`(`lokasi_id`,`lokasi_tempat`,`lokasi_upah`,`id_daftar`,`lokasi_foto`) values 
(50,2,3,1377011903920002,'1599138687-1377011903920002.foto.jpg'),
(52,3,4,1377011903920002,'1599132951-1377011903920002.foto.jpg'),
(53,3,4,1377011903920002,'1599133048-1377011903920002.foto.jpg'),
(54,3,4,1377014209910001,'1599140592-1377014209910001.foto.jpg'),
(56,2,3,1377011608900001,'1599193788-1377011608900001.foto.jpg'),
(57,2,3,1377026901970001,'1599234920-1377026901970001.foto.jpg'),
(58,3,4,1377015809960003,'1599304196-1377015809960003.foto.jpg');

/*Table structure for table `migration` */

DROP TABLE IF EXISTS `migration`;

CREATE TABLE `migration` (
  `version` varchar(180) NOT NULL,
  `apply_time` int(11) DEFAULT NULL,
  PRIMARY KEY (`version`)
) ENGINE=InnoDB DEFAULT CHARSET=utf8mb4;

/*Data for the table `migration` */

insert  into `migration`(`version`,`apply_time`) values 
('m140506_102106_rbac_init',1592796256),
('m170907_052038_rbac_add_index_on_auth_assignment_user_id',1592796256),
('m180523_151638_rbac_updates_indexes_without_prefix',1592796256),
('m200409_110543_rbac_update_mssql_trigger',1592796257);

/*Table structure for table `nilai` */

DROP TABLE IF EXISTS `nilai`;

CREATE TABLE `nilai` (
  `id` int(11) NOT NULL AUTO_INCREMENT,
  `siswa_id` int(11) DEFAULT NULL,
  `nilai` int(11) DEFAULT NULL,
  PRIMARY KEY (`id`)
) ENGINE=InnoDB DEFAULT CHARSET=utf8mb4;

/*Data for the table `nilai` */

/*Table structure for table `pegawai` */

DROP TABLE IF EXISTS `pegawai`;

CREATE TABLE `pegawai` (
  `pegawai_id` int(11) NOT NULL AUTO_INCREMENT,
  `pegawai_nama` varchar(30) DEFAULT NULL,
  `pegawai_jabatan` varchar(80) DEFAULT NULL,
  `pegawai_nip` varchar(30) DEFAULT NULL,
  `pegawai_aktif` int(2) DEFAULT NULL,
  PRIMARY KEY (`pegawai_id`)
) ENGINE=InnoDB AUTO_INCREMENT=7 DEFAULT CHARSET=utf8mb4;

/*Data for the table `pegawai` */

insert  into `pegawai`(`pegawai_id`,`pegawai_nama`,`pegawai_jabatan`,`pegawai_nip`,`pegawai_aktif`) values 
(1,'Alfian Harun, SE,MM','Kepala Dinas PM,PTSP&NAKER ','196609101987121002',2),
(2,'Sekretaris DPM,PTSP&NAKER','Anilta, SE','196604151993032006',2),
(3,'Kelapa Bidang Tenaga Kerja','Ika Septia Maulana, S.IP','198709152007012001',2),
(4,'Luthfi Hariyanto, ST','Kasi Pelatihan Produktivitas & Penempatan Tenaga Kerja','197609082011011003',1),
(5,'Rahmat Putra, S.Kom','Kepala Segala nYA','196609101987191002',2),
(6,'ADE SAJA','ede','196604151993032006',2);

/*Table structure for table `pekerjaan` */

DROP TABLE IF EXISTS `pekerjaan`;

CREATE TABLE `pekerjaan` (
  `pekerjaan_id` int(11) NOT NULL,
  `pekerjaan_nama` varchar(75) DEFAULT NULL,
  `id_jabatan` int(2) DEFAULT NULL,
  PRIMARY KEY (`pekerjaan_id`),
  KEY `id_jabatan` (`id_jabatan`),
  CONSTRAINT `pekerjaan_ibfk_1` FOREIGN KEY (`id_jabatan`) REFERENCES `jabatan` (`jabatan_id`) ON DELETE CASCADE ON UPDATE CASCADE
) ENGINE=InnoDB DEFAULT CHARSET=utf8;

/*Data for the table `pekerjaan` */

insert  into `pekerjaan`(`pekerjaan_id`,`pekerjaan_nama`,`id_jabatan`) values 
(110,'ANGGOTA ANGKATAN BERSENJATA',1),
(1110,'ANGGOTA BADAN LEGISLATIF',2),
(1120,'PEJABAT TINGGI PEMERINTAH',2),
(1130,'KEPALA DESA DAN LURAH',2),
(1141,'PEMIMPIN ORGANISASI PARTAI POLITIK',2),
(1142,'PIMPINAN ORGANISASI PENGUSAHA, PEKERJA DAN ORGANISASI YANG BERKAITAN DENGAN',2),
(1143,'PIMPINAN ORGANISASI KEMANUSIAAN DAN ORGANISASI KHUSUS',2),
(1210,'DIREKTUR DAN KEPALA EKSEKUTIF',2),
(1221,'MANAJER PRODUKSI DAN OPERASI DALAM BIDANG PERTANIAN PERBURUAN DAN PERIKANAN',2),
(1223,'MANAJER PRODUKSI DAN OPERASI DALAM BIDANG KONSTRUKSI',2),
(1224,'MANAJER PRODUKSI DAN OPERASI DOKUMEN DALAM BIDANG PERDAGANGA BESAR DAN ECER',2),
(1225,'MANAJER PRODUKSI DAN OPERASI DALAM BIDANG HOTEL DAN RESTORAN',2),
(1226,'MANEJER PRODUKSI DAN OPERASI DALAM BIDANG',2),
(1227,'MANAJER PRODUKSI DAN OPERASI DALAM BIDANG PERUSAHAAN JASA',2),
(1228,'MANAJER PRODUKSI DAN OPERASI DALAM BIDANG KESEJAHTERAAN DAN KEBERSIHAN',2),
(1229,'MANEJER PRODUKSI DAN OPERASI TIDAK DAPAT',2),
(1231,'MANAGER KEUANGAN DAN ADMINISTRASI',2),
(1232,'MANAJER PEMASARAN DAN HUBUNGAN INDUSTRI',2),
(1233,'MANAJER PENJUALAN DAN PEMASARAN',2),
(1234,'MANAJER HUBUNGAN MASYARAKAT DAN PERIKLANAN',2),
(1235,'MANEJER PENYEDIAAN DAN DISRIBUSI',2),
(1236,'MANAJER JASA PERHITUNGAN',2),
(1237,'MANAJER PENELITIAN DAN PEMASARAN',2),
(1311,'MANAJER UMUM PERTANIAN, PERBURUAN KEHUTANAN DAN PERIKANAN',2),
(1314,'MANAJER UMUM PERDAGANGAN BESAR DAN ECERAN',2),
(1315,'MANAJER UMUM HOTEL DAN RESTORAN',2),
(1316,'MANAJER UMUM ANGKUTAN, PERGUDANGAN DAN',2),
(1317,'MANAJER UMUM PERUSAHAAN JASA',2),
(1318,'MANAJER UMUM PERAWATAN PRIBADI KEBERSIHAN DAN JASA YANG SEJENIS',2),
(1319,'MANAJER UMUM YANG TIDAK DAPAT DIKLASIFIKASIKAN PADA SUB GOL 1311 SAMPAI DEN',2),
(2111,'PAKAR FISIKA DAN ASTRONOMI',3),
(2112,'PAKAR METEOROLOGI',3),
(2113,'PAKAR KIMIA',3),
(2114,'PAKAR GEOLOGI DAN GEOFISIKA',3),
(2121,'PAKAR MATEMATIKA DAN PROFESI YANG SEJENIS',3),
(2122,'PAKAR STATISTIK',3),
(2131,'PERANCANG DAN ANALIS SISTEM KOMPUTER',3),
(2132,'PROGRAMER KOMPUTER',3),
(2139,'PAKAR KOMPUTER YTDL',3),
(2141,'ARSITEK PERENCANA TATA KOTA & LALU LINTAS',3),
(2142,'PEREKAYASA SIPIL',3),
(2143,'PEREKAYASA ELEKTRO',3),
(2144,'PERAKAYASA ELEKTRONIKA & TELEKOMUNIKASI',3),
(2145,'PEREKAYASA MESIN',3),
(2146,'PEREKAYASA KIMIA',3),
(2147,'PEREKAYASA PERTAMBANGAN METALURGI DAN PROFESI SEJENIS',3),
(2148,'KARTOGRAFER DAN SURVEYOR',3),
(2149,'ARSITEK PEREKAYASA DAN PROFESI SEJENIS YANG TIDAK DIKLASIFIKASIKAN PADA 214',3),
(2211,'BIOLOGI BOTANI, ZOOLOGI DAN PROFESI SEJENIS',3),
(2212,'PARMAKOLOG, PHATOLOG DAN PROFESI YANG SEJENIS',3),
(2213,'ARGONOMI DAN PROFESI SEJENIS',3),
(2221,'DOKTER UMUM',3),
(2222,'DOKTER GIGI',3),
(2230,'PERAWAT DAN BIDAN',3),
(2310,'PENGAJAR PROFESIONAL AKADEMI, UNIVERSITAS DAN PENDIDIKAN TINGGI LAINNYA',3),
(2320,'PENGAJAR PROFESIONAL PENDIDIKAN MENENGAH ATAS',3),
(2330,'UNIVERSITAS DAN PENDIDIKAN TINGGI LAINNYA',3),
(2331,'PENGAJAR SEKOLAH DASAR',3),
(2332,'PROFESIONALIS GURU PENDIDIKAN PRA SEKOLAH DASAR',3),
(2340,'GURU SEKOLAH LUAR BIASA',3),
(2351,'SPESIALIS METODA PENDIDIKAN',3),
(2352,'PENILIK SEKOLAH',3),
(2411,'AKUNTAN',3),
(2412,'TENAGA PROFESIONAL TENAGA KEPEGAWAIAN',3),
(2419,'TENAGA PROFESIONAL BIDANG BISNIS YANG TIDAK DAPATDIKLASIFIKASIKAN PADA SUB',3),
(2421,'PENGACARA',3),
(2422,'HAKIM',3),
(2429,'PAKAR HUKUM YTD PADA SUB GOL 2421 & 2422',3),
(2431,'ARSIPARIS DAN KURATOR',3),
(2432,'PUSTAKAWAN DAN PEMBERI INFORMASI YANG SEJENIS',3),
(2441,'PAKAR EKONOMI',3),
(2442,'PAKAR SOSIOLOGI, ANTROPOLOGI DAN YANG SEJENIS',3),
(2443,'PAKAR FILSAFAT, SEJARAH DAN ILMU POLITIK',3),
(2444,'PAKAR BAHASA, PENTERJEMAH DAN JURU BAHASA',3),
(2445,'PSIKOLOG',3),
(2446,'PEKERJA SOSIAL PROFESIONAL',3),
(2451,'PENGARANG, WARTAWAN DAN PENULIS LAINNYA',3),
(2452,'PEMAHAT, PELUKIS DAN SENIMAN YANG SEJENIS',3),
(2453,'PENGUBAH LAGU, PEMUSIK DAN PENYANYI',3),
(2454,'PENCIPTA TARI DAN PENARI',3),
(2455,'PEMAIN FILM, SUTRADARA FILM, DIREKTUR PANGGUNG DAN YANG SEJENIS',3),
(2460,'PAKAR KEAGAMAAN',3),
(3111,'TEKNISI ILMU KIMIA DAN FISIKA',4),
(3112,'TEKNISI PEREKAYASAAN SIPIL',4),
(3113,'TEKNISI PEREKAYASAAN LISTRIK',4),
(3114,'TEKNISI PEREKAYASAAN ELEKTRONIKA & TELEKOMUNIKASI',4),
(3115,'TEKNISI PEREKAYASAAN MEKANIK',4),
(3116,'TEKNISI PEREKAYASAAN KIMIA',4),
(3117,'TEKNISI PERTAMBANGAN DAN METALURGI',4),
(3118,'PERANCANG GAMBAR',4),
(3119,'TEKNISI ILMU FISIKA DAN PEREKAYASAAN YANG TIDAK DAPAT DIKLASIFKASIKAN DI 31',4),
(3121,'ASISTEN KOMPUTER',4),
(3122,'OPERATOR PERLENGKAPAN KOMPUTER',4),
(3123,'PENGONTROL ROBOT INDUSTRI',4),
(3131,'PHOTOGRAFER OPERATOR PERALATAN REKAMAN GAMBAR DAN SUARA',4),
(3132,'OPERATOR PERLENGKAPAN RADIO DAN TELEKOMUNIKASI',4),
(3133,'OPERATOR PERALATAN MEDIK',4),
(3141,'PEREKAYASA KAPAL LAUT',4),
(3142,'PERWIRA DEK KAPAL LAUT DAN PILOT',4),
(3145,'PENGONTROL LALULINTAS UDARA',4),
(3151,'PENGAWAS BANGUNAN DAN KEBAKARAN',4),
(3152,'PENGAWAS KESELAMATAN KESEHATAN DAN KUALITAS',4),
(3211,'TEKNISI ILMU HAYAT',4),
(3212,'TEKNISI AGRONOMI DAN KEHUTANAN',4),
(3213,'PENASEHAT PERTANIAN DAN KEHUTANAN',4),
(3221,'ASISTEN MEDIKAL',4),
(3222,'SANITARIAN',4),
(3223,'NUTRISIS DAN DIESTRISIAN',4),
(3224,'OPTOMETRIS DAN OPTOSIAN',4),
(3225,'ASISTEN DOKTER GIGI',4),
(3226,'PHISIOTERAPIS DAN PROFESIONALIS SEJENIS',4),
(3227,'ASISTEN DOKTER HEWAN',4),
(3228,'ASISTEN PHARMASI',4),
(3229,'PROFESIONALIS KESEHATAN MODERN (KECUALI PERAWAT)YTDL',4),
(3231,'PROFESIONALIS PERAWAT',4),
(3232,'BIDAN PROFESIONALIS',4),
(3310,'PROFESIONALIS GURU PENDIDIKAN DASAR',4),
(3320,'ASOSIASI PROFESI GURU PENDIDIKAN PRA SEKOLAH DASAR',4),
(3330,'ASOSIASI PROFESI GURU PENDIDIKAN KHUSUS',4),
(3340,'PROFESIONALIS KELOMPOK GURU LAINNYA',4),
(3411,'PEDAGANG DAN MAKELAR SURAT BERHARGA DAN KEUANGAN',4),
(3412,'PENCARI PELANGGAN ASURANSI',4),
(3413,'AGEN PROPERTI',4),
(3414,'KONSULTAN DAN PENYUSUN PERJALANAN',4),
(3415,'WAKIL PENJUAL TEKNIS DAN KOMERSIAL',4),
(3417,'PENAKSIR, PENILAI DAN PELELANG',4),
(3421,'MAKELAR PERDAGANGAN',4),
(3422,'AGEN KLIRING DAN PENGIRIMAN',4),
(3423,'AGEN KETENAGAKERJAAN DAN PENGERAH TENAGA KERJA',4),
(3429,'AGEN USAHA JASA DAN MAKELAR PERDAGANGAN YTDL',4),
(3431,'SEKRETARIS ADMINISTRASI DAN ASOSIASI PROFESI SEJENIS',4),
(3432,'ASOSIASI PROFESI, PERDAGANGAN DAN HUKUM',4),
(3433,'PEMEGANG BUKU',4),
(3434,'KELOMPOK PROFESIONALIS STATISTIK, MATEMATI DAN SEJENISNYA',4),
(3439,'ASOSIASI PROFESI ADMINISTRASI YANG TIDAK DAPAT DIKLASIFIKASIKAN PADA SUB GO',4),
(3441,'INSPEKTUR BEA CUKAI DAN PABEAN',4),
(3442,'PETUGAS PAJAK DAN BEA CUKAI PEMERINTAH',4),
(3443,'PETUGAS PENGHITUNG KEUNTUNGAN SOSIAL PEMERINTAH',4),
(3444,'PETUGAS PERIJINAN PEMERINTAH',4),
(3449,'ASOSIASI PROFESI BEA CUKAI, PAJAK DAN PEJABAT PEMERINTAH YTDL',4),
(3450,'INSPEKTUR POLISI DAN DETEKTIF',4),
(3460,'ASOSIASI PROFESI KERJA SOSIAL',4),
(3471,'DEKORATOR DAN PERANCANG KOMERSIAL',4),
(3472,'PENYIAR RADIO, TV DAN PENYIAR LAINNYA',4),
(3473,'MUSIKUS, PENARI DAN PENARI JALANAN KLUB MALAM DAN SEJENISNYA',4),
(3474,'BADUT, PESULAP, PEMAIN AKROBAT DAN ASOSIASI PROFESI SEJENIS',4),
(3475,'PEMAIN ATLETIK DAN OLAHRAGAWAN DAN KELOMPOK PROFESIONAL SEJENIS',4),
(3480,'ASOSIASI PROFESI KEAGAMAAN',4),
(4111,'STENOGRAF DAN PENGETIK',5),
(4112,'OPERATOR PENGOLAH DATA DAN SEJENIS',5),
(4113,'OPERATOR DATA ENTRI',5),
(4114,'OPERATOR MESIN PENGHITUNG',5),
(4115,'SEKRETARIS',5),
(4121,'PENATA USAHA AKUNTAN PEMBUKUAN',5),
(4122,'PENATA USAHA STATISTIK DAN KEUANGAN',5),
(4131,'PENATA USAHA PERSEDIAAN',5),
(4132,'PENATA USAHA PRODUKSI',5),
(4133,'PENATA USAHA ANGKUTAN',5),
(4141,'PENATA USAHA PERPUSTAKAAN DAN ARSIP',5),
(4142,'PENATA USAHA PENGIRIMAN DAN PENYORTITAN SURAT',5),
(4143,'PENATA USAHA PENGKODEAN, CETAK BACAAN DAN SEJENIS',5),
(4144,'PENULIS DAN PEKERJA SEJENIS',5),
(4190,'PENATA USAHA KANTOR LAINNYA',5),
(4211,'KASIR DAN PENATA USAHA TIKET',5),
(4212,'TELER DAN PENATA USAHA TEMPAT PEMBAYARAN LAINNYA',5),
(4215,'PENAGIH HUTANG DAN PEKERJA SEJENIS',5),
(4222,'RESEPSIONIS DAN PENATA USAHA INFORMASI',5),
(4223,'OPERATOR PAPAN PENYAMBUNGAN TELEPON',5),
(5111,'PRAMUGARA DAN PRAMUGARI PERJALANAN',6),
(5112,'KONDEKTUR PERJALANAN',6),
(5113,'PEMANDU PERJALANAN',5),
(5121,'PELAYAN, PRAMU RUMAH TANGGA DAN YANG SEJENIS',6),
(5122,'JURU MASAK',6),
(5123,'PRAMU RESTORAN DAN BAR',6),
(5131,'PENGASUH ANAK',6),
(5132,'PENGASUH PADA LEMBAGA PERORANGAN',6),
(5139,'PERAWAT PERORANGAN DAN YANG SEJENIS',6),
(5141,'PEMANGKAS RAMBUT, PENATA RAMBUT PERAWATKECANTIKAN DAN YANG SEJENIS',6),
(5142,'PRAMURIA DAN PELAYAN PRIA',6),
(5149,'PEKERJA JASA PERORANGAN YANG TIDAK DAPAT DIKLASIFIKASIKAN DI TEMPAT LAIN',6),
(5152,'AHLI NUJUM, PERAMAL GARIS TANGAN DAN SEJENIS',6),
(5161,'PEMADAM KEBAKARAN',6),
(5162,'POLISI',6),
(5163,'SIPIR PENJARA',6),
(5169,'TENAGA JASA PERLINDUNGAN YANG TIDAK DAPAT DIKLASIFIKASIKAN DI TEMPAT',6),
(5210,'PRAGAWAN DAN PRAGAWATI',6),
(5220,'PRAMUNIAGA DAN PEMERAGA BARANG DI TOKO',6),
(5230,'TENAGA PENJUALAN DI PASAR DAN PEDAGANG PINGGIR JALAN',6),
(6111,'PENANAM LADANG DAN SAYURAN',7),
(6112,'PENANAM POHON DAN PERKEBUNAN',7),
(6113,'PEKERJA KEBUN HOLTIKULTURA DAN PERAWAT TUMBUHAN',7),
(6114,'PENANAM TANAMAN CAMPURAN',7),
(6121,'PRODUSEN SUSU DAN PETERNAK',7),
(6122,'PRODUSEN TERNAK UNGGAS',7),
(6123,'PETERNAK LEBAH DAN ULAT SUTERA',7),
(6129,'PRODUSEN2 DAN JABATAN2 YANG BERHUBUNGAN DENGAN PEMASARAN HEWAN HASIL HEWAN',7),
(6130,'TENAGA PEMASARAN HASIL TANAMAN DAN HEWAN',7),
(6141,'PEKERJA KEHUTANAN DAN PENEBANG KAYU',7),
(6142,'PEKERJA PEMBAKARAN ARANG DAN PEKERJAAN YBDI',7),
(6151,'PETANI IKAN DARAT',7),
(6152,'PEKERJA PERIKANAN TAMBAK DAN LAUT',7),
(6153,'NELAYAN',7),
(6154,'PEMBURU DAN PEMASANGAN PERANGKAP',7),
(6210,'PEKERJA BERMATA PENCAHARIAN PERTANIAN',7),
(7111,'PENAMBANG BATU, JURU TEMBAK DAN LEDAK ( TAMBANG )',8),
(7121,'TUKANG BANGUNAN DAN BAHAN TRADISIONAL',8),
(7122,'PEMASANG KERAMIK DAN TUKANG BATU',8),
(7123,'PEMASANG BETON CETAKAN, TUKANG POLES DAN SEJENISNYA',8),
(7124,'TUKANG KAYU DAN PEMBUAT PERABOT RUMAH TANGGA DARI KAYU',8),
(7129,'PEMBUAT KERANGKA BANGUNAN JABATAN SEJENIS YANG TIDAK DAPAT DIKLASIFIKASIKAN',8),
(7131,'TUKANG PASANG ATAP',8),
(7132,'TUKANG PASANG UBIN DAN GENTENG',8),
(7133,'TUKANG PLESTER',8),
(7135,'TUKANG KACA',8),
(7136,'TUKANG LEDENG DAN TUKANG PASANG PIPA',8),
(7137,'TEKNISI LISTRIK GEDUNG DAN SEJENIS',8),
(7141,'TUKANG CAT DAN YANG SEJENIS',8),
(7142,'TUKANG PERNIS/PELITUR DAN YANG SEJENIS',8),
(7143,'PEMBERSIH GEDUNG',8),
(7211,'TUKANG CETAK LOGAM',8),
(7212,'TUKANG LAS',8),
(7214,'PEMBUAT BAHAN BANGUNAN DARI LOGAM',8),
(7216,'PEKERJA BAWAH AIR',8),
(7222,'PEMBUAT PERKAKAS DAN SEJENISNYA',8),
(7223,'TUKANG POTONG MESIN PERKAKAS DAN OPERATOR PASANG MESIN PERKAKAS',8),
(7231,'MONTIR KENDARAAN BERMOTOR DAN PEMASANG MESIN KENDARAAN BERMOTOR',8),
(7232,'MEKANIK PESAWAT TERBANG DAN PENYETEL MESIN',8),
(7233,'TEKNISI MESIN PERTANIAN ATAU TEKNISI MESIN INDUSTRI DAN PEMASANG MESIN PERT',8),
(7241,'TEKNISI LISTRIK DAN PEMASANG LISTRIK',8),
(7242,'PENYETEL PERALATAN ELEKTRONIK',8),
(7243,'MEKANIK DAN PENSERVIS BARANG ELEKTRONIK',8),
(7244,'INSTALATOR DAN YEKNISI PESAWAT TELPON DAN',8),
(7245,'INSTALATOR JARINGAN KABEL DAN TEKNISI JARINGAN KABEL',8),
(7311,'PEMBUAT DAN PEREPARASI INSTRUMEN PRESISI',8),
(7321,'PEMBUAT ALAT PENGGOSOK BERODA,PEMBUAT',8),
(7324,'PELUKIS DEKORASI BARANG DARI GELAS KERAMIK SERTA SERTA HIASAN SEJENIS',8),
(7332,'PENGRAJIN TEKSTIL KULIT DAN BAHAN LAIN YANG SEJENIS',8),
(7343,'OPERATOR MESIN PEMBUAT KLISE, CETAK DAN PENYEKETSA KLISE',8),
(7344,'FOTOGRAFER DAN JABATAN SEJENIS',8),
(7345,'PENJILID BUKU DAN JABATAN SEJENISNYA',8),
(7346,'TUKANG CETAK KASA SUTRA BALOK DAN TEKSTIL',8),
(7411,'TUKANG POTONG HEWAN, PENJUAL DAGING DAN PENGOLAH MAKANAN DAN JABATAN SEJENI',8),
(7412,'PEMBUAT ROTI, KUE DAN KEMBANG GULA',8),
(7413,'PENGOLAH DAN PENGHASIL SUSU',8),
(7422,'PEMBUAT LEMARI DAN JABATAN YANG SEJENIS',8),
(7423,'PEMASANG DAN OPERATOR MESIN PENGOLAH KAYU',8),
(7424,'PENGANYAM KERANJANG DAN JABATAN SEJENIS',8),
(7432,'PENENUN, PERAJUT DAN JABATAN SEJENIS',8),
(7433,'PENJAHIT, PEMBUAT PAKAIAN WANITA DAN PEMBUAT TOPI',8),
(7434,'PEDAGANG/PEMBUAT PAKAIAN BULU DAN JABATAN',8),
(7435,'PEMOTONG POLA PAKAIAN, KULIT DAN JABATAN SEJENIS',8),
(7436,'PENJAHIT, PENYULAM DAN JABATAN SEJENIS',8),
(8111,'OPERATOR PABRIK PERTAMBANGAN',9),
(8112,'OPERATOR MESIN UNTUK PENGOLAHAN BAHAN GALIAN BIJI BESI DAN BATU',9),
(8141,'OPERATOR MESIN PABRIK PENGOLAHAN KAYU',9),
(8142,'OPERATOR MESIN PABRIK BUBUR KERTAS',9),
(8143,'OPERATOR MESIN PABRIK PEMBUAT KERTAS',9),
(8151,'OPERATOR MESIN PENUMBUK, PENGGING DAN',9),
(8152,'OPERATOR MESIN PABRIK PEMANASAN BAHAN KIMIA',9),
(8153,'OPERATOR PERALATAN PENYARING DAN PEMISAH BAHAN KIMIA',9),
(8155,'OPERATOR MESIN PABRIK PENYARING MINYAK DAN GAS',9),
(8159,'OPERATOR PABRIK PENGOLAH BAHAN KIMIA YTDL',9),
(8161,'OPERATOR MESIN PABRIK TENAGA PRODUKSI',9),
(8163,'OPERATOR MESIN LISTRIK PEMBAKARAN, PENGOLAHAN AIR DAN PEMBAKARAN SAMPAH',9),
(8171,'OPERATOR PERAKITAN AUTOMATIS',9),
(8172,'OPERATOR ROBOT INDUSTRI',9),
(8211,'OPERATOR PERALATAN MESIN',9),
(8212,'OPERATOR MESIN PRODUK SEMEN DAN MINERAL',9),
(8221,'OPERATOR MESIN PRODUKSI BARANG FARMASI DAN',9),
(8224,'OPERATOR MESIN PRODUKSI DAN BARANG FOTOGRAFIS',9),
(8232,'OPERATOR MESIN PRODUKSI BARANG DARI PLASTIK',9),
(8252,'OPERATOR MESIN PENJILID BUKU',9),
(8253,'OPERATOR MESIN PRODUKSI  BARANG DARI KERTAS',9),
(8261,'OPERATOR MESIN PENYEDIAAN SERAT PEMINTALAN',9),
(8262,'OPERATOR MESIN RAJUT DAN TENUN',9),
(8263,'OPERATOR MESIN JAHIT',9),
(8269,'OPERATOR MESIN PRODUKSI TEKSTIL, KULIT BINATANG & YBDI',9),
(8271,'OPERATOR MESIN PENGOLAH DAGING DAN IKAN',9),
(8273,'OPERATOR MESIN PENGGILING PADI-PADIAN DAN REMPAH/BUMBU',9),
(8274,'OPERATOR MESIN PENGHASIL COKLAT DAN BIJI-BIJIAN',9),
(8277,'OPERATOR MESIN PENGOLAH THE, KOPI, DAN COKLAT ',9),
(8278,'OPERATOR MESIN PEMBUAT MINUMAN KERAS, MINUMAN RINGAN DAN MINUMAN LAINNYA',9),
(8281,'PERAKIT MESIN MEKANIK',9),
(8282,'PERAKIT PERALATAN LISTRIK',9),
(8283,'PERAKIT PERALATAN ELEKTRONIK',9),
(8284,'PERAKIT BARANG LOGAM, KARET DAN PLASTIK',9),
(8286,'PERAKIT KARTON (PAPER BOARD) TEKSTIL DAN',9),
(8290,'PERAKIT DAN OPERATOR MESIN LAINNYA',9),
(8311,'MASINIS MESIN LOKOMOTIF',9),
(8321,'PENGEMUDI KENDARAAN BERMOTOR',9),
(8322,'PENGEMUDI MOBIL, TAXI, DAN MOBIL ANGKUTAN',9),
(8324,'PENGEMUDI TRUK DAN KENDARAAN ANGKUTAN BARANG',9),
(8331,'OPERATOR MESIN KENDARAAN PERTANIAN DAN',9),
(8332,'OPERATOR MESIN PENGANGKUT YANAH DAN YBDI',9),
(8333,'OPERATOR MESIN DEREK SERTA ALAT PENGANGKAT &',9),
(8340,'KELASI KAPAL DAN PEKERJA YBDI',9),
(9111,'PEDAGANG KAKI LIMA DI JALANAN',10),
(9112,'PEDAGANG KAKI LIMA JALANAN PRODUK BUKAN MAKANAN',10),
(9113,'PEDAGANG DARI RUMAH KE RUMAH ATAU MELALUI TELEPON',10),
(9120,'PENYEMIR SEPATU DAN PEKERJA JASA JALANAN LAINNYA',10),
(9131,'PEMBERSIH DAN PRAMU WISMA',10),
(9132,'PEMBERSIH DAN PEMBANTU DI KANTOR, HOTEL DAN PERUSAHAAN LAINNYA',10),
(9141,'PENGURUS GEDUNG',10),
(9142,'PEMBERSIH KENDARAAN, JENDELA DAN SEJENISNYA',10),
(9151,'PESURUH PEMBAWA DAN PENGIRIM PAKET DAN BARANG BAWAAN',10),
(9152,'PENJAGA PINTU, PENJAGA KEAMANAN DAN PEKERJA',10),
(9153,'PENGUMPUL UANG MESIN PENJAJA PEMBACA METERAN DAN PEKERJA SEJENIS',10),
(9162,'PENYAPU DAN PEKERJA SEJENIS',10),
(9211,'PETANI TRADISIONAL DAN PEKERJA PERTANIAN',10),
(9212,'PEKERJA KEHUTANAN',10),
(9213,'NELAYAN, PEMBURU DAN PEKERJA PEMASANG PERANGKAP',10),
(9311,'PEKERJA PERTAMBANGAN DAN PENGGALIAN',10),
(9312,'PEKERJA KONSTRUKSI DAN PERAWAT JALAN, BENDUNGAN DAN KONSTRUKSI SEJENIS',10),
(9313,'PEKERJA KONSTRUKSI GEDUNG',10),
(9321,'PEKERJA PERAKITAN',10),
(9322,'PEKERJA PENGEMAS DENGAN TANGAN DAN PEKERJA PABRIK LAINNYA',10),
(9332,'PENGEMUDI MESIN DAN KENDARAAN YANG DITARIK HEWAN',10),
(9333,'PEMBONGKAR MUAT',10);

/*Table structure for table `pendidikan` */

DROP TABLE IF EXISTS `pendidikan`;

CREATE TABLE `pendidikan` (
  `pendidikan_id` int(11) NOT NULL AUTO_INCREMENT,
  `pendidikan_nemipk` decimal(4,2) DEFAULT NULL,
  `id_sekolah` int(11) DEFAULT NULL,
  `id_jurusan` int(11) DEFAULT NULL,
  `pendidikan_keterampilan` varchar(200) DEFAULT NULL,
  `id_daftar` bigint(16) DEFAULT NULL,
  `pendidikan_inggris` int(2) DEFAULT NULL,
  `pendidikan_jerman` int(2) DEFAULT NULL,
  `pendidikan_jepang` int(2) DEFAULT NULL,
  `pendidikan_mandarin` int(2) DEFAULT NULL,
  `pendidikan_belanda` int(2) DEFAULT NULL,
  `pendidikan_perancis` int(2) DEFAULT NULL,
  `pendidikan_arab` int(2) DEFAULT NULL,
  `pendidikan_bahasa` varchar(90) DEFAULT NULL,
  `pendidikan_jkl` int(2) DEFAULT NULL,
  `id_jabatan` int(5) DEFAULT NULL,
  `id_pekerjaan` int(5) DEFAULT NULL,
  `pendidikan_namasekolah` varchar(150) DEFAULT NULL,
  `pendidikan_thntamat` year(4) DEFAULT NULL,
  `pendidikan_date` date DEFAULT NULL,
  `pendidikan_datehapus` date DEFAULT NULL,
  `pendidikan_datepenempatan` date DEFAULT NULL,
  `pendidikan_status` int(2) DEFAULT NULL,
  PRIMARY KEY (`pendidikan_id`),
  KEY `id_daftar` (`id_daftar`),
  CONSTRAINT `pendidikan_ibfk_1` FOREIGN KEY (`id_daftar`) REFERENCES `daftar` (`daftar_id`) ON DELETE CASCADE ON UPDATE CASCADE
) ENGINE=InnoDB AUTO_INCREMENT=62 DEFAULT CHARSET=utf8mb4;

/*Data for the table `pendidikan` */

insert  into `pendidikan`(`pendidikan_id`,`pendidikan_nemipk`,`id_sekolah`,`id_jurusan`,`pendidikan_keterampilan`,`id_daftar`,`pendidikan_inggris`,`pendidikan_jerman`,`pendidikan_jepang`,`pendidikan_mandarin`,`pendidikan_belanda`,`pendidikan_perancis`,`pendidikan_arab`,`pendidikan_bahasa`,`pendidikan_jkl`,`id_jabatan`,`id_pekerjaan`,`pendidikan_namasekolah`,`pendidikan_thntamat`,`pendidikan_date`,`pendidikan_datehapus`,`pendidikan_datepenempatan`,`pendidikan_status`) values 
(50,78.80,3000,3114,'Ngaji',1377011903920002,1,1,1,0,1,0,0,'',NULL,1,110,'UNAND',2000,NULL,'2020-09-03',NULL,3),
(54,75.00,6000,6104,'Ngaji',1377014209910001,1,1,1,0,0,0,0,'Bangladesh',NULL,3,2143,'UNAND',1998,NULL,'2020-09-03',NULL,1),
(56,45.00,1000,1102,'Ngaji',1377011608900001,1,0,0,0,0,0,0,'',NULL,3,2143,'UNAND',1991,NULL,'2020-08-05',NULL,1),
(57,99.99,6000,6101,'Ngaji',1377012911010001,0,1,0,1,0,0,1,'Bangladesh',NULL,3,2147,'UNAND',2010,NULL,'2020-09-17',NULL,2),
(58,45.00,3000,3001,'Ngaji',1377026901970001,1,1,1,0,0,0,0,'Afrika',NULL,1,110,'ddd',2015,NULL,'2020-09-25',NULL,2),
(61,45.00,3000,3103,'Ngaji',1377015809960003,1,1,0,0,0,0,0,'',NULL,3,2143,'ddd',2013,NULL,'2022-07-06',NULL,1);

/*Table structure for table `pengalaman` */

DROP TABLE IF EXISTS `pengalaman`;

CREATE TABLE `pengalaman` (
  `pengalaman_id` int(11) NOT NULL AUTO_INCREMENT,
  `pengalaman_jabatan` varchar(100) DEFAULT NULL,
  `pengalaman_tugas` varchar(100) DEFAULT NULL,
  `pengalaman_lama` varchar(20) DEFAULT NULL,
  `pengalaman_pemberi` varchar(100) DEFAULT NULL,
  `id_daftar` bigint(20) DEFAULT NULL,
  PRIMARY KEY (`pengalaman_id`),
  KEY `id_daftar` (`id_daftar`),
  CONSTRAINT `pengalaman_ibfk_1` FOREIGN KEY (`id_daftar`) REFERENCES `daftar` (`daftar_id`) ON DELETE CASCADE ON UPDATE CASCADE
) ENGINE=InnoDB AUTO_INCREMENT=372 DEFAULT CHARSET=utf8mb4;

/*Data for the table `pengalaman` */

insert  into `pengalaman`(`pengalaman_id`,`pengalaman_jabatan`,`pengalaman_tugas`,`pengalaman_lama`,`pengalaman_pemberi`,`id_daftar`) values 
(352,'rahmat','novit','putra','hayani',1377014209910001),
(353,'novit','novita','putra','hayani',1377014209910001),
(359,'ddd','ddd','dd','dd',1377011608900001),
(361,'eere','erer','erer','erer',1377026901970001),
(363,'eere','erer','erer','erer',1377015809960003),
(365,'eere','erer','erer','erer',1377015809960003),
(369,'eere','erer','erer','erer',1377011903920002),
(371,'eere','erer','erer','erer',1377011903920002);

/*Table structure for table `purchase_order` */

DROP TABLE IF EXISTS `purchase_order`;

CREATE TABLE `purchase_order` (
  `id` int(11) NOT NULL,
  `po_no` varchar(255) DEFAULT NULL,
  `description` text DEFAULT NULL,
  PRIMARY KEY (`id`)
) ENGINE=InnoDB DEFAULT CHARSET=utf8mb4;

/*Data for the table `purchase_order` */

/*Table structure for table `roleamnah` */

DROP TABLE IF EXISTS `roleamnah`;

CREATE TABLE `roleamnah` (
  `id` int(11) NOT NULL AUTO_INCREMENT,
  `name` varchar(255) COLLATE utf8_unicode_ci NOT NULL,
  `created_at` timestamp NULL DEFAULT NULL,
  `updated_at` timestamp NULL DEFAULT NULL,
  `can_admin` smallint(6) NOT NULL DEFAULT 0,
  PRIMARY KEY (`id`)
) ENGINE=InnoDB AUTO_INCREMENT=3 DEFAULT CHARSET=utf8 COLLATE=utf8_unicode_ci;

/*Data for the table `roleamnah` */

insert  into `roleamnah`(`id`,`name`,`created_at`,`updated_at`,`can_admin`) values 
(1,'Admin','2020-06-19 02:41:42',NULL,1),
(2,'User','2020-06-19 02:41:42',NULL,0);

/*Table structure for table `route` */

DROP TABLE IF EXISTS `route`;

CREATE TABLE `route` (
  `name` varchar(64) COLLATE utf8_unicode_ci NOT NULL,
  `alias` varchar(64) COLLATE utf8_unicode_ci NOT NULL,
  `type` varchar(64) COLLATE utf8_unicode_ci NOT NULL,
  `status` smallint(6) NOT NULL DEFAULT 1,
  PRIMARY KEY (`name`)
) ENGINE=InnoDB DEFAULT CHARSET=utf8 COLLATE=utf8_unicode_ci;

/*Data for the table `route` */

insert  into `route`(`name`,`alias`,`type`,`status`) values 
('/*','*','',1),
('/daftar/*','*','daftar',1),
('/daftar/create','create','daftar',1),
('/daftar/delete','delete','daftar',1),
('/daftar/index','index','daftar',1),
('/daftar/update','update','daftar',1),
('/daftar/view','view','daftar',1),
('/debug/*','*','debug',1),
('/debug/default/*','*','debug/default',1),
('/debug/default/db-explain','db-explain','debug/default',1),
('/debug/default/download-mail','download-mail','debug/default',1),
('/debug/default/index','index','debug/default',1),
('/debug/default/toolbar','toolbar','debug/default',1),
('/debug/default/view','view','debug/default',1),
('/debug/user/*','*','debug/user',1),
('/debug/user/reset-identity','reset-identity','debug/user',1),
('/debug/user/set-identity','set-identity','debug/user',1),
('/gii/*','*','gii',1),
('/gii/default/*','*','gii/default',1),
('/gii/default/action','action','gii/default',1),
('/gii/default/diff','diff','gii/default',1),
('/gii/default/index','index','gii/default',1),
('/gii/default/preview','preview','gii/default',1),
('/gii/default/view','view','gii/default',1),
('/mimin/*','*','mimin',1),
('/mimin/role/*','*','mimin/role',1),
('/mimin/role/create','create','mimin/role',1),
('/mimin/role/delete','delete','mimin/role',1),
('/mimin/role/index','index','mimin/role',1),
('/mimin/role/permission','permission','mimin/role',1),
('/mimin/role/update','update','mimin/role',1),
('/mimin/role/view','view','mimin/role',1),
('/mimin/route/*','*','mimin/route',1),
('/mimin/route/create','create','mimin/route',1),
('/mimin/route/delete','delete','mimin/route',1),
('/mimin/route/generate','generate','mimin/route',1),
('/mimin/route/index','index','mimin/route',1),
('/mimin/route/update','update','mimin/route',1),
('/mimin/route/view','view','mimin/route',1),
('/mimin/user/*','*','mimin/user',1),
('/mimin/user/create','create','mimin/user',1),
('/mimin/user/delete','delete','mimin/user',1),
('/mimin/user/index','index','mimin/user',1),
('/mimin/user/update','update','mimin/user',1),
('/mimin/user/view','view','mimin/user',1),
('/site/*','*','site',1),
('/site/error','error','site',1),
('/site/index','index','site',1),
('/site/login','login','site',1),
('/site/logout','logout','site',1),
('/user/*','*','user',0),
('/user/delete','delete','user',0),
('/user/index','index','user',0),
('/user/password','password','user',0),
('inisaya','sayalagi','sayasaja',1),
('saya','sayalagi','sayasaja',1);

/*Table structure for table `sekolah` */

DROP TABLE IF EXISTS `sekolah`;

CREATE TABLE `sekolah` (
  `sekolah_id` int(5) NOT NULL AUTO_INCREMENT,
  `sekolah_nama` varchar(25) DEFAULT NULL,
  `sekolah_kode` int(11) DEFAULT NULL,
  `sekolah_status` smallint(2) DEFAULT NULL,
  PRIMARY KEY (`sekolah_id`)
) ENGINE=InnoDB AUTO_INCREMENT=7002 DEFAULT CHARSET=utf8mb4;

/*Data for the table `sekolah` */

insert  into `sekolah`(`sekolah_id`,`sekolah_nama`,`sekolah_kode`,`sekolah_status`) values 
(8,'SIII',NULL,1),
(1000,'SD',1000,1),
(2000,'SMP',2000,1),
(3000,'SMA/MAN/SMK',3000,1),
(4000,'DII/A II',4000,1),
(5000,'D III/A III',5000,1),
(6000,'SI/ A IV/D IV',6000,1),
(7000,'SII',7000,1);

/*Table structure for table `user` */

DROP TABLE IF EXISTS `user`;

CREATE TABLE `user` (
  `id` int(11) NOT NULL AUTO_INCREMENT,
  `username` varchar(255) COLLATE utf8_unicode_ci NOT NULL,
  `auth_key` varchar(32) COLLATE utf8_unicode_ci NOT NULL,
  `password_hash` varchar(255) COLLATE utf8_unicode_ci NOT NULL,
  `password_reset_token` varchar(255) COLLATE utf8_unicode_ci DEFAULT NULL,
  `email` varchar(255) COLLATE utf8_unicode_ci DEFAULT NULL,
  `status` smallint(6) NOT NULL DEFAULT 10,
  `created_at` int(11) NOT NULL,
  `updated_at` int(11) NOT NULL,
  `verification_token` varchar(255) COLLATE utf8_unicode_ci DEFAULT NULL,
  `level` varchar(255) COLLATE utf8_unicode_ci DEFAULT NULL,
  PRIMARY KEY (`id`),
  UNIQUE KEY `username` (`username`),
  UNIQUE KEY `email` (`email`),
  UNIQUE KEY `password_reset_token` (`password_reset_token`)
) ENGINE=InnoDB AUTO_INCREMENT=65 DEFAULT CHARSET=utf8 COLLATE=utf8_unicode_ci;

/*Data for the table `user` */

insert  into `user`(`id`,`username`,`auth_key`,`password_hash`,`password_reset_token`,`email`,`status`,`created_at`,`updated_at`,`verification_token`,`level`) values 
(36,'admin','eGnE73JMy6mV530lRoBhTGk03kTlS_bR','$2y$13$1uqH6.vDIUrv9F0BruCAwOFX3ohAV1/jDct64wrmF0jKjz6sTemGy',NULL,'',10,1598848456,0,NULL,'1'),
(55,'1377011903920002','MIEIito_Re8eYdL9HNb6OP-csuFqz6XB','$2y$13$bjzNORq6cPZt7Zq60xzdBOUQepL14TniQrL5j1so2XcvkOrY9RAy.',NULL,'puices14@gmail.com',10,1599124755,1599124770,NULL,'40'),
(59,'1377014209910001','CWpHWi0HaWvwezg2fdeaWvYiwn_Ps9Rc','$2y$13$la2pwPPnpJJV0rN4d.vAX.vR0OGZD6L.8hm1i70n8lQFQCNnsYN8G',NULL,NULL,10,1599140380,0,NULL,'40'),
(61,'1377011608900001','gUgnPWq9SeVbN9Q0rMsVbKWsTgjqcA8E','$2y$13$vir1f2da2JjNvh90l5okXe4mpLYPkh0CzCKGHcWaoI4YSvXWE9zje',NULL,NULL,10,1599193656,0,NULL,'40'),
(62,'1377012911010001','RGmqRYrzO6OQmE5lmaq4Ooodz6IHCcxp','$2y$13$yyhBvfPMRVA8k1NAvR8S7OJkxijhRVw4pZZaEYvf/9gyhzVUgUAI6',NULL,NULL,10,1599208046,0,NULL,'40'),
(63,'1377026901970001','qQYFkaOfN53bwBPC738ebM-eF82wQWGA','$2y$13$9C.FVzJiM3iLJrVxutEnBeP3K1oEVjlSH6A7GufbWNH4cPOGhN9WC',NULL,NULL,10,1599234823,0,NULL,'40'),
(64,'1377015809960003','AjUjMt9EY3EhCClO-YRPcs_5Xe6tat5O','$2y$13$1uqH6.vDIUrv9F0BruCAwOFX3ohAV1/jDct64wrmF0jKjz6sTemGy',NULL,NULL,10,1599291451,0,NULL,'40');

/*Table structure for table `useramnah` */

DROP TABLE IF EXISTS `useramnah`;

CREATE TABLE `useramnah` (
  `id` int(11) NOT NULL AUTO_INCREMENT,
  `role_id` int(11) NOT NULL,
  `status` smallint(6) NOT NULL,
  `email` varchar(255) COLLATE utf8_unicode_ci DEFAULT NULL,
  `username` varchar(255) COLLATE utf8_unicode_ci DEFAULT NULL,
  `password` varchar(255) COLLATE utf8_unicode_ci DEFAULT NULL,
  `auth_key` varchar(255) COLLATE utf8_unicode_ci DEFAULT NULL,
  `access_token` varchar(255) COLLATE utf8_unicode_ci DEFAULT NULL,
  `logged_in_ip` varchar(255) COLLATE utf8_unicode_ci DEFAULT NULL,
  `logged_in_at` timestamp NULL DEFAULT NULL,
  `created_ip` varchar(255) COLLATE utf8_unicode_ci DEFAULT NULL,
  `created_at` timestamp NULL DEFAULT NULL,
  `updated_at` timestamp NULL DEFAULT NULL,
  `banned_at` timestamp NULL DEFAULT NULL,
  `banned_reason` varchar(255) COLLATE utf8_unicode_ci DEFAULT NULL,
  PRIMARY KEY (`id`),
  UNIQUE KEY `user_email` (`email`),
  UNIQUE KEY `user_username` (`username`),
  KEY `user_role_id` (`role_id`),
  CONSTRAINT `user_role_id` FOREIGN KEY (`role_id`) REFERENCES `roleamnah` (`id`)
) ENGINE=InnoDB AUTO_INCREMENT=2 DEFAULT CHARSET=utf8 COLLATE=utf8_unicode_ci;

/*Data for the table `useramnah` */

insert  into `useramnah`(`id`,`role_id`,`status`,`email`,`username`,`password`,`auth_key`,`access_token`,`logged_in_ip`,`logged_in_at`,`created_ip`,`created_at`,`updated_at`,`banned_at`,`banned_reason`) values 
(1,1,1,'neo@neo.com','neo','$2y$13$dyVw4WkZGkABf2UrGWrhHO4ZmVBv.K4puhOL59Y9jQhIdj63TlV.O','DuRYscELAaOSo67VnLv9Ah8xsvAQY2tx','FcqzBQlORfx4U6FVRhXlsyuPgQmmeGOZ','::1','2020-06-19 03:43:35',NULL,'2020-06-19 02:41:42',NULL,NULL,NULL);

/*!40101 SET SQL_MODE=@OLD_SQL_MODE */;
/*!40014 SET UNIQUE_CHECKS=@OLD_UNIQUE_CHECKS */;
/*!40111 SET SQL_NOTES=@OLD_SQL_NOTES */;
